kind_of_sport,summ,coefficient,bet_status,bet_type
FOOTBALL,15975,14.37,WON,MULTIPLE
VOLLEYBALL,53182,23.96,WON,SINGLE
FOOTBALL,66799,9.01,WON,MULTIPLE
VOLLEYBALL,93188,9.9,RETURNED,MULTIPLE
HOCKEY,20827,24.67,LOST,SINGLE
VOLLEYBALL,58782,20.02,LOST,MULTIPLE
VOLLEYBALL,5362,8.64,NOT ESTIMATED,SINGLE
TABLE TENNIS,98062,20.52,NOT ESTIMATED,SINGLE
HOCKEY,41620,21.44,WON,SINGLE
HOCKEY,71828,22.52,LOST,MULTIPLE
BASEBALL,4699,4.33,WON,SINGLE
VOLLEYBALL,8594,14.1,NOT ESTIMATED,SINGLE
FOOTBALL,5819,21.05,LOST,SINGLE
TENNIS,48096,8.25,NOT ESTIMATED,SINGLE
FOOTBALL,45136,24.59,LOST,SINGLE
VOLLEYBALL,32189,20.08,WON,SINGLE
FOOTBALL,52674,6.3,WON,SINGLE
TABLE TENNIS,32427,16.88,WON,MULTIPLE
HOCKEY,25237,1.11,RETURNED,MULTIPLE
BASKETBALL,53180,4.05,NOT ESTIMATED,MULTIPLE
VOLLEYBALL,57515,22.6,RETURNED,MULTIPLE
TABLE TENNIS,38491,15.69,WON,SINGLE
BASEBALL,11903,10.96,RETURNED,SINGLE
HOCKEY,36716,12.28,RETURNED,MULTIPLE
FOOTBALL,69003,15.24,LOST,MULTIPLE
TENNIS,78446,13.83,RETURNED,MULTIPLE
TENNIS,72405,9.83,RETURNED,SINGLE
TENNIS,64588,21.58,LOST,SINGLE
VOLLEYBALL,13135,15.05,RETURNED,SINGLE
VOLLEYBALL,99860,1.28,LOST,SINGLE
BASEBALL,96104,13.94,RETURNED,MULTIPLE
BASEBALL,7343,23.29,NOT ESTIMATED,MULTIPLE
BASKETBALL,98198,24.68,RETURNED,SINGLE
BASEBALL,51123,18.23,WON,MULTIPLE
VOLLEYBALL,74607,15.07,WON,MULTIPLE
FOOTBALL,7571,12.96,RETURNED,MULTIPLE
VOLLEYBALL,57666,11.94,WON,SINGLE
VOLLEYBALL,45776,1.22,WON,MULTIPLE
BASKETBALL,31464,13.02,LOST,MULTIPLE
BASKETBALL,4883,4.58,WON,MULTIPLE
HOCKEY,22849,16.79,WON,MULTIPLE
HOCKEY,80413,8.69,NOT ESTIMATED,MULTIPLE
TENNIS,77258,7.39,LOST,MULTIPLE
BASEBALL,85488,21.43,NOT ESTIMATED,MULTIPLE
VOLLEYBALL,90308,24.13,RETURNED,SINGLE
VOLLEYBALL,58814,2.19,WON,SINGLE
FOOTBALL,44748,7.27,NOT ESTIMATED,MULTIPLE
TABLE TENNIS,60682,17.51,RETURNED,MULTIPLE
TABLE TENNIS,94034,16.35,RETURNED,SINGLE
TENNIS,37030,20.47,WON,SINGLE
HOCKEY,80524,10.13,RETURNED,SINGLE
HOCKEY,13067,13.4,RETURNED,SINGLE
TENNIS,69674,11.43,WON,SINGLE
BASKETBALL,89169,23.15,RETURNED,MULTIPLE
BASKETBALL,10762,13.47,LOST,MULTIPLE
FOOTBALL,83262,15.3,WON,SINGLE
HOCKEY,66043,9.56,RETURNED,SINGLE
BASKETBALL,49785,5.07,LOST,SINGLE
BASKETBALL,77212,2.21,LOST,SINGLE
BASKETBALL,681,17.15,WON,SINGLE
TENNIS,22192,17.52,NOT ESTIMATED,MULTIPLE
BASKETBALL,71465,3.25,NOT ESTIMATED,SINGLE
BASEBALL,2903,4.4,NOT ESTIMATED,SINGLE
BASKETBALL,87889,15.89,RETURNED,MULTIPLE
FOOTBALL,32740,17.97,LOST,MULTIPLE
BASKETBALL,25391,23.56,WON,MULTIPLE
TABLE TENNIS,7386,5.91,RETURNED,MULTIPLE
FOOTBALL,75672,1.75,RETURNED,SINGLE
TENNIS,51649,21.67,NOT ESTIMATED,SINGLE
VOLLEYBALL,17527,17.36,LOST,SINGLE
FOOTBALL,69323,8.47,LOST,SINGLE
BASEBALL,44766,12.64,WON,SINGLE
FOOTBALL,26087,20.59,LOST,MULTIPLE
BASKETBALL,1649,18.47,LOST,SINGLE
FOOTBALL,70708,23.55,LOST,MULTIPLE
VOLLEYBALL,95796,8.75,RETURNED,MULTIPLE
HOCKEY,14529,14.48,NOT ESTIMATED,MULTIPLE
BASKETBALL,20586,20.51,LOST,SINGLE
TABLE TENNIS,91635,22.51,NOT ESTIMATED,SINGLE
BASEBALL,65938,3.23,LOST,MULTIPLE
BASEBALL,45571,23.54,RETURNED,MULTIPLE
BASEBALL,71013,12.37,RETURNED,MULTIPLE
FOOTBALL,58324,9.19,WON,SINGLE
TABLE TENNIS,11772,18.38,LOST,MULTIPLE
BASEBALL,94943,23.0,RETURNED,MULTIPLE
TENNIS,3446,14.16,RETURNED,SINGLE
BASKETBALL,62055,19.26,NOT ESTIMATED,SINGLE
TENNIS,15445,4.07,LOST,MULTIPLE
TENNIS,75709,5.33,WON,SINGLE
HOCKEY,33050,6.4,LOST,MULTIPLE
BASKETBALL,80321,1.16,LOST,SINGLE
FOOTBALL,18103,13.19,LOST,MULTIPLE
BASEBALL,77921,11.63,WON,SINGLE
TENNIS,1620,16.37,WON,SINGLE
VOLLEYBALL,39290,13.35,NOT ESTIMATED,MULTIPLE
BASKETBALL,80898,14.33,RETURNED,SINGLE
TENNIS,80694,2.88,LOST,MULTIPLE
TENNIS,75697,12.61,NOT ESTIMATED,SINGLE
VOLLEYBALL,5434,4.3,NOT ESTIMATED,SINGLE
TENNIS,66584,21.6,WON,MULTIPLE
BASEBALL,4397,24.21,LOST,SINGLE
BASEBALL,50431,8.66,NOT ESTIMATED,MULTIPLE
BASKETBALL,39223,7.21,RETURNED,SINGLE
BASKETBALL,9704,1.19,WON,MULTIPLE
TENNIS,51774,23.01,NOT ESTIMATED,MULTIPLE
VOLLEYBALL,70969,11.39,NOT ESTIMATED,SINGLE
VOLLEYBALL,13137,3.65,WON,SINGLE
VOLLEYBALL,23660,5.92,LOST,SINGLE
TENNIS,72801,10.67,NOT ESTIMATED,MULTIPLE
FOOTBALL,37403,7.76,LOST,MULTIPLE
FOOTBALL,39144,6.3,WON,SINGLE
BASEBALL,12521,3.94,NOT ESTIMATED,MULTIPLE
BASKETBALL,31451,2.53,NOT ESTIMATED,MULTIPLE
BASKETBALL,22542,24.29,RETURNED,MULTIPLE
TENNIS,7426,20.27,NOT ESTIMATED,MULTIPLE
TABLE TENNIS,99149,7.16,LOST,SINGLE
TABLE TENNIS,69059,8.03,LOST,MULTIPLE
HOCKEY,79204,18.38,RETURNED,SINGLE
BASEBALL,31869,18.16,LOST,MULTIPLE
TENNIS,61566,7.36,NOT ESTIMATED,MULTIPLE
FOOTBALL,93090,15.94,RETURNED,SINGLE
TENNIS,70859,11.91,WON,SINGLE
HOCKEY,80882,24.43,WON,SINGLE
HOCKEY,15077,1.04,WON,SINGLE
VOLLEYBALL,31291,12.22,RETURNED,MULTIPLE
VOLLEYBALL,39527,6.11,RETURNED,SINGLE
BASEBALL,98535,5.97,LOST,MULTIPLE
TABLE TENNIS,50294,4.95,WON,SINGLE
HOCKEY,33556,16.24,LOST,SINGLE
BASKETBALL,47683,5.2,RETURNED,MULTIPLE
FOOTBALL,51411,4.19,NOT ESTIMATED,MULTIPLE
TABLE TENNIS,82803,16.01,LOST,SINGLE
BASEBALL,1221,3.81,RETURNED,MULTIPLE
TENNIS,51754,17.64,NOT ESTIMATED,SINGLE
TABLE TENNIS,51647,10.02,NOT ESTIMATED,MULTIPLE
FOOTBALL,89650,8.49,NOT ESTIMATED,MULTIPLE
TENNIS,30028,7.01,WON,MULTIPLE
FOOTBALL,99965,8.52,LOST,SINGLE
BASKETBALL,4359,13.93,RETURNED,MULTIPLE
TENNIS,3607,16.06,WON,MULTIPLE
HOCKEY,55256,12.12,RETURNED,MULTIPLE
TENNIS,2645,3.49,NOT ESTIMATED,SINGLE
BASEBALL,6139,10.93,NOT ESTIMATED,MULTIPLE
VOLLEYBALL,56613,4.07,WON,SINGLE
BASKETBALL,56566,1.02,NOT ESTIMATED,SINGLE
HOCKEY,80600,16.59,NOT ESTIMATED,SINGLE
TENNIS,61167,14.29,NOT ESTIMATED,MULTIPLE
FOOTBALL,13226,21.35,WON,SINGLE
TABLE TENNIS,31468,1.16,LOST,SINGLE
TENNIS,54260,13.31,NOT ESTIMATED,SINGLE
TABLE TENNIS,47142,9.46,RETURNED,MULTIPLE
HOCKEY,48118,17.65,LOST,SINGLE
BASEBALL,76044,10.98,NOT ESTIMATED,MULTIPLE
FOOTBALL,46354,11.85,NOT ESTIMATED,MULTIPLE
BASEBALL,39666,9.75,RETURNED,MULTIPLE
TABLE TENNIS,84490,16.73,LOST,MULTIPLE
BASEBALL,94526,24.3,NOT ESTIMATED,SINGLE
BASEBALL,82893,16.64,LOST,MULTIPLE
BASKETBALL,88255,23.55,WON,SINGLE
FOOTBALL,44232,12.23,NOT ESTIMATED,SINGLE
BASKETBALL,57773,18.0,RETURNED,MULTIPLE
BASEBALL,80221,6.06,RETURNED,MULTIPLE
VOLLEYBALL,70007,13.26,LOST,MULTIPLE
TENNIS,86479,1.05,RETURNED,SINGLE
FOOTBALL,76516,23.32,NOT ESTIMATED,SINGLE
TENNIS,80951,9.76,WON,SINGLE
TENNIS,11447,23.52,WON,SINGLE
TENNIS,51140,3.23,RETURNED,MULTIPLE
FOOTBALL,89402,19.09,RETURNED,SINGLE
BASKETBALL,69225,22.11,RETURNED,MULTIPLE
HOCKEY,55058,24.72,RETURNED,SINGLE
VOLLEYBALL,88435,18.95,NOT ESTIMATED,SINGLE
BASEBALL,54697,2.77,NOT ESTIMATED,MULTIPLE
FOOTBALL,98221,3.43,LOST,MULTIPLE
BASKETBALL,87825,14.84,NOT ESTIMATED,SINGLE
FOOTBALL,51193,15.42,LOST,SINGLE
VOLLEYBALL,20546,16.09,NOT ESTIMATED,SINGLE
FOOTBALL,38573,10.47,NOT ESTIMATED,MULTIPLE
HOCKEY,53329,3.47,NOT ESTIMATED,SINGLE
TABLE TENNIS,70836,23.63,LOST,SINGLE
VOLLEYBALL,79396,19.21,NOT ESTIMATED,MULTIPLE
TENNIS,93483,12.98,NOT ESTIMATED,SINGLE
BASEBALL,23123,13.62,RETURNED,MULTIPLE
BASKETBALL,96107,17.6,LOST,SINGLE
BASEBALL,53595,7.8,RETURNED,SINGLE
BASKETBALL,22921,7.85,RETURNED,MULTIPLE
BASKETBALL,87481,8.67,RETURNED,MULTIPLE
FOOTBALL,80559,15.83,WON,MULTIPLE
TABLE TENNIS,90322,21.07,NOT ESTIMATED,MULTIPLE
BASKETBALL,22358,11.56,WON,SINGLE
BASEBALL,51227,17.43,WON,MULTIPLE
BASEBALL,50593,21.79,RETURNED,MULTIPLE
HOCKEY,29675,2.24,RETURNED,MULTIPLE
BASEBALL,30768,16.91,WON,SINGLE
BASEBALL,60739,7.86,NOT ESTIMATED,MULTIPLE
BASKETBALL,594,3.46,NOT ESTIMATED,SINGLE
BASKETBALL,67612,14.42,LOST,MULTIPLE
BASEBALL,56094,8.71,LOST,MULTIPLE
TABLE TENNIS,16889,5.92,RETURNED,MULTIPLE
FOOTBALL,33360,18.96,RETURNED,MULTIPLE
VOLLEYBALL,91987,15.8,WON,SINGLE
TABLE TENNIS,16956,14.93,RETURNED,MULTIPLE
TABLE TENNIS,55232,5.81,NOT ESTIMATED,MULTIPLE
BASKETBALL,6801,18.68,NOT ESTIMATED,MULTIPLE
FOOTBALL,70558,16.54,WON,MULTIPLE
HOCKEY,24548,19.75,NOT ESTIMATED,SINGLE
VOLLEYBALL,39875,15.52,LOST,MULTIPLE
TABLE TENNIS,74384,6.6,WON,MULTIPLE
HOCKEY,79069,20.79,WON,MULTIPLE
TENNIS,65330,11.17,LOST,MULTIPLE
TENNIS,96158,17.97,LOST,SINGLE
HOCKEY,55456,13.49,WON,SINGLE
TABLE TENNIS,60316,23.57,NOT ESTIMATED,SINGLE
HOCKEY,46398,22.55,NOT ESTIMATED,SINGLE
HOCKEY,52179,3.82,RETURNED,SINGLE
TABLE TENNIS,80491,1.93,WON,SINGLE
TENNIS,10605,1.51,RETURNED,SINGLE
HOCKEY,25196,5.45,LOST,SINGLE
FOOTBALL,19739,19.69,NOT ESTIMATED,SINGLE
TABLE TENNIS,27849,15.33,NOT ESTIMATED,MULTIPLE
FOOTBALL,80970,17.39,RETURNED,MULTIPLE
TABLE TENNIS,83856,17.41,WON,SINGLE
VOLLEYBALL,50243,9.53,LOST,SINGLE
BASKETBALL,55813,19.64,NOT ESTIMATED,MULTIPLE
TENNIS,14309,19.02,WON,MULTIPLE
HOCKEY,90744,2.21,NOT ESTIMATED,MULTIPLE
BASEBALL,13312,2.01,NOT ESTIMATED,SINGLE
HOCKEY,65845,19.42,WON,SINGLE
FOOTBALL,64987,11.2,WON,SINGLE
FOOTBALL,62888,1.33,LOST,MULTIPLE
TABLE TENNIS,80595,21.87,WON,MULTIPLE
TABLE TENNIS,59220,15.56,LOST,SINGLE
BASEBALL,80664,14.05,RETURNED,MULTIPLE
TABLE TENNIS,75845,7.88,NOT ESTIMATED,SINGLE
BASKETBALL,94746,21.76,WON,MULTIPLE
BASEBALL,44029,6.96,WON,MULTIPLE
HOCKEY,52327,16.56,WON,MULTIPLE
TABLE TENNIS,28317,4.92,RETURNED,MULTIPLE
FOOTBALL,17942,7.52,LOST,SINGLE
TABLE TENNIS,85681,18.86,RETURNED,SINGLE
BASEBALL,73736,10.79,RETURNED,MULTIPLE
VOLLEYBALL,97049,13.1,NOT ESTIMATED,MULTIPLE
HOCKEY,87222,2.48,NOT ESTIMATED,MULTIPLE
TENNIS,66440,20.09,RETURNED,MULTIPLE
BASEBALL,76966,22.86,WON,MULTIPLE
FOOTBALL,10755,9.92,LOST,SINGLE
VOLLEYBALL,78927,15.62,WON,MULTIPLE
HOCKEY,82049,13.64,RETURNED,SINGLE
FOOTBALL,38789,21.48,WON,SINGLE
VOLLEYBALL,98414,6.97,LOST,MULTIPLE
TENNIS,90029,21.81,WON,SINGLE
FOOTBALL,85573,24.88,WON,MULTIPLE
VOLLEYBALL,49776,3.5,WON,MULTIPLE
VOLLEYBALL,46330,12.02,WON,MULTIPLE
TENNIS,22910,22.26,RETURNED,MULTIPLE
TABLE TENNIS,91443,13.66,LOST,SINGLE
FOOTBALL,80006,23.31,RETURNED,SINGLE
FOOTBALL,78421,8.37,RETURNED,SINGLE
TABLE TENNIS,5983,17.68,WON,SINGLE
FOOTBALL,19306,2.04,WON,SINGLE
BASEBALL,39176,6.69,RETURNED,SINGLE
HOCKEY,18264,8.7,WON,MULTIPLE
TENNIS,54542,9.17,NOT ESTIMATED,SINGLE
VOLLEYBALL,44034,1.33,NOT ESTIMATED,SINGLE
FOOTBALL,53704,15.08,RETURNED,MULTIPLE
VOLLEYBALL,99084,14.33,LOST,SINGLE
BASEBALL,2748,22.56,NOT ESTIMATED,SINGLE
TENNIS,51496,13.17,LOST,MULTIPLE
BASKETBALL,28977,17.95,LOST,MULTIPLE
TENNIS,52588,2.42,RETURNED,MULTIPLE
FOOTBALL,77381,11.73,LOST,MULTIPLE
HOCKEY,5918,4.95,LOST,SINGLE
BASEBALL,80558,18.23,LOST,SINGLE
BASKETBALL,90692,15.69,WON,MULTIPLE
BASKETBALL,54388,9.23,LOST,MULTIPLE
TABLE TENNIS,76509,23.58,RETURNED,SINGLE
BASKETBALL,96702,21.86,LOST,MULTIPLE
VOLLEYBALL,3425,16.91,WON,MULTIPLE
HOCKEY,48687,21.38,NOT ESTIMATED,MULTIPLE
HOCKEY,940,9.64,LOST,SINGLE
TABLE TENNIS,98834,3.74,LOST,SINGLE
TABLE TENNIS,45305,17.0,LOST,MULTIPLE
BASEBALL,95408,6.05,WON,SINGLE
HOCKEY,92748,8.0,WON,MULTIPLE
BASKETBALL,1610,12.02,NOT ESTIMATED,SINGLE
VOLLEYBALL,61272,4.84,NOT ESTIMATED,SINGLE
TENNIS,68938,14.3,LOST,SINGLE
TABLE TENNIS,92787,18.28,RETURNED,SINGLE
HOCKEY,59577,12.81,RETURNED,SINGLE
VOLLEYBALL,13701,8.94,NOT ESTIMATED,MULTIPLE
FOOTBALL,52850,5.98,NOT ESTIMATED,MULTIPLE
BASKETBALL,55267,19.12,NOT ESTIMATED,SINGLE
FOOTBALL,32533,5.2,RETURNED,SINGLE
BASKETBALL,22876,22.93,RETURNED,SINGLE
TABLE TENNIS,42370,17.59,LOST,MULTIPLE
VOLLEYBALL,6099,8.59,WON,MULTIPLE
TENNIS,20656,14.41,RETURNED,MULTIPLE
VOLLEYBALL,40863,13.69,WON,MULTIPLE
VOLLEYBALL,75204,15.44,NOT ESTIMATED,SINGLE
TENNIS,66362,23.3,LOST,MULTIPLE
HOCKEY,23361,5.66,WON,SINGLE
TENNIS,77595,20.72,RETURNED,SINGLE
HOCKEY,76515,3.99,WON,SINGLE
VOLLEYBALL,67271,12.15,LOST,MULTIPLE
VOLLEYBALL,68096,2.61,NOT ESTIMATED,SINGLE
VOLLEYBALL,73269,18.56,WON,MULTIPLE
HOCKEY,18879,17.95,NOT ESTIMATED,SINGLE
VOLLEYBALL,31890,12.9,LOST,MULTIPLE
BASKETBALL,53307,20.31,RETURNED,MULTIPLE
BASKETBALL,71016,2.11,WON,SINGLE
VOLLEYBALL,68713,18.77,LOST,SINGLE
TABLE TENNIS,99245,5.9,RETURNED,MULTIPLE
VOLLEYBALL,24386,15.76,WON,SINGLE
HOCKEY,75594,9.05,NOT ESTIMATED,SINGLE
BASKETBALL,25457,20.63,NOT ESTIMATED,MULTIPLE
BASKETBALL,57983,14.15,WON,SINGLE
HOCKEY,12604,18.64,LOST,MULTIPLE
FOOTBALL,19706,14.84,NOT ESTIMATED,SINGLE
FOOTBALL,37511,6.16,NOT ESTIMATED,MULTIPLE
BASEBALL,16559,3.13,LOST,MULTIPLE
BASKETBALL,71943,5.73,NOT ESTIMATED,SINGLE
HOCKEY,97845,1.95,RETURNED,MULTIPLE
VOLLEYBALL,31391,12.52,RETURNED,MULTIPLE
BASEBALL,68905,11.86,NOT ESTIMATED,SINGLE
FOOTBALL,66300,4.85,WON,SINGLE
HOCKEY,61534,17.62,LOST,SINGLE
TABLE TENNIS,18418,16.39,WON,SINGLE
VOLLEYBALL,968,19.99,NOT ESTIMATED,SINGLE
HOCKEY,97502,21.44,LOST,SINGLE
TABLE TENNIS,89821,18.98,WON,SINGLE
BASKETBALL,14885,1.41,NOT ESTIMATED,MULTIPLE
HOCKEY,14693,1.44,NOT ESTIMATED,SINGLE
HOCKEY,60944,19.53,LOST,MULTIPLE
FOOTBALL,24640,23.06,RETURNED,MULTIPLE
BASEBALL,13063,1.26,WON,SINGLE
FOOTBALL,36538,9.73,RETURNED,SINGLE
HOCKEY,77564,14.81,WON,MULTIPLE
HOCKEY,82840,2.03,RETURNED,MULTIPLE
BASEBALL,98580,20.85,RETURNED,SINGLE
BASKETBALL,56121,9.25,RETURNED,SINGLE
VOLLEYBALL,27438,18.87,RETURNED,SINGLE
VOLLEYBALL,97350,14.42,NOT ESTIMATED,MULTIPLE
VOLLEYBALL,13941,19.37,LOST,SINGLE
FOOTBALL,8244,1.42,LOST,SINGLE
TABLE TENNIS,88605,22.8,RETURNED,MULTIPLE
BASEBALL,61071,12.36,LOST,MULTIPLE
BASEBALL,73096,21.42,WON,SINGLE
HOCKEY,96543,21.34,NOT ESTIMATED,SINGLE
HOCKEY,79900,12.24,WON,SINGLE
FOOTBALL,38913,14.09,RETURNED,MULTIPLE
BASKETBALL,16852,8.78,NOT ESTIMATED,MULTIPLE
VOLLEYBALL,71735,12.48,LOST,SINGLE
TABLE TENNIS,22751,12.99,RETURNED,SINGLE
BASKETBALL,72252,15.71,LOST,SINGLE
BASEBALL,86892,20.9,LOST,SINGLE
BASEBALL,13498,24.61,WON,SINGLE
VOLLEYBALL,98214,18.07,WON,SINGLE
FOOTBALL,80975,16.4,WON,SINGLE
FOOTBALL,79842,4.13,WON,MULTIPLE
TABLE TENNIS,12439,9.39,LOST,MULTIPLE
BASEBALL,69187,3.59,WON,SINGLE
VOLLEYBALL,64034,8.18,NOT ESTIMATED,MULTIPLE
TABLE TENNIS,50554,12.27,WON,SINGLE
FOOTBALL,30556,24.88,NOT ESTIMATED,MULTIPLE
BASKETBALL,60322,7.17,NOT ESTIMATED,MULTIPLE
TABLE TENNIS,51224,23.13,LOST,MULTIPLE
BASEBALL,13351,13.2,NOT ESTIMATED,MULTIPLE
HOCKEY,12862,11.86,RETURNED,SINGLE
BASKETBALL,23524,6.86,NOT ESTIMATED,SINGLE
TABLE TENNIS,44268,19.77,WON,SINGLE
FOOTBALL,172,5.9,WON,MULTIPLE
BASEBALL,10588,17.8,WON,SINGLE
TENNIS,91311,21.25,WON,SINGLE
TENNIS,51462,20.04,WON,MULTIPLE
HOCKEY,8042,16.27,NOT ESTIMATED,SINGLE
TABLE TENNIS,68307,2.11,RETURNED,SINGLE
BASKETBALL,70221,17.44,WON,SINGLE
TABLE TENNIS,37380,7.6,NOT ESTIMATED,SINGLE
TENNIS,10262,15.46,LOST,MULTIPLE
TABLE TENNIS,24570,13.29,WON,MULTIPLE
TABLE TENNIS,49817,8.97,WON,MULTIPLE
VOLLEYBALL,35964,10.64,RETURNED,SINGLE
HOCKEY,1954,6.93,LOST,SINGLE
TENNIS,12912,14.76,LOST,SINGLE
HOCKEY,63746,7.85,LOST,MULTIPLE
BASEBALL,34538,23.32,LOST,SINGLE
FOOTBALL,22972,21.29,RETURNED,SINGLE
BASKETBALL,10980,13.2,LOST,MULTIPLE
BASEBALL,74995,14.34,WON,SINGLE
BASKETBALL,8035,8.64,NOT ESTIMATED,MULTIPLE
VOLLEYBALL,27581,8.64,LOST,MULTIPLE
TABLE TENNIS,8350,14.31,WON,SINGLE
TENNIS,66730,20.86,NOT ESTIMATED,SINGLE
HOCKEY,74263,4.59,RETURNED,MULTIPLE
TABLE TENNIS,56774,18.39,RETURNED,MULTIPLE
VOLLEYBALL,8009,22.07,LOST,SINGLE
BASEBALL,77526,6.78,WON,SINGLE
BASKETBALL,57694,7.39,NOT ESTIMATED,MULTIPLE
HOCKEY,68947,14.91,WON,MULTIPLE
BASKETBALL,77358,22.98,WON,SINGLE
FOOTBALL,35257,17.05,RETURNED,MULTIPLE
TABLE TENNIS,74701,16.68,LOST,MULTIPLE
VOLLEYBALL,27577,9.57,LOST,SINGLE
BASEBALL,71967,22.64,RETURNED,SINGLE
TENNIS,48234,20.91,NOT ESTIMATED,MULTIPLE
HOCKEY,86818,24.18,RETURNED,SINGLE
TABLE TENNIS,74550,14.17,WON,MULTIPLE
FOOTBALL,22009,20.32,NOT ESTIMATED,MULTIPLE
HOCKEY,84751,7.25,RETURNED,MULTIPLE
TABLE TENNIS,92011,5.13,WON,MULTIPLE
HOCKEY,72475,18.02,LOST,SINGLE
HOCKEY,31148,17.99,NOT ESTIMATED,MULTIPLE
VOLLEYBALL,65025,19.53,WON,MULTIPLE
HOCKEY,60060,15.03,RETURNED,MULTIPLE
BASKETBALL,19647,22.75,LOST,MULTIPLE
TENNIS,91558,6.14,WON,SINGLE
HOCKEY,15321,8.35,WON,SINGLE
FOOTBALL,75744,3.25,NOT ESTIMATED,SINGLE
BASKETBALL,54985,23.21,NOT ESTIMATED,SINGLE
FOOTBALL,80954,17.86,RETURNED,SINGLE
TENNIS,54791,5.53,LOST,SINGLE
FOOTBALL,65495,14.27,WON,MULTIPLE
BASEBALL,91546,8.16,NOT ESTIMATED,MULTIPLE
TENNIS,46293,14.22,NOT ESTIMATED,MULTIPLE
BASEBALL,77325,18.73,NOT ESTIMATED,SINGLE
TABLE TENNIS,16234,8.43,RETURNED,SINGLE
TENNIS,82663,23.58,LOST,SINGLE
BASEBALL,61087,7.55,WON,MULTIPLE
VOLLEYBALL,62296,16.85,WON,MULTIPLE
TENNIS,51333,18.92,LOST,SINGLE
BASKETBALL,45772,24.22,LOST,SINGLE
BASEBALL,24051,2.91,WON,MULTIPLE
TENNIS,84600,13.54,RETURNED,MULTIPLE
BASEBALL,29093,15.47,RETURNED,MULTIPLE
TENNIS,70257,24.24,RETURNED,MULTIPLE
HOCKEY,84855,6.96,WON,SINGLE
HOCKEY,62101,16.94,NOT ESTIMATED,SINGLE
VOLLEYBALL,59566,17.43,WON,MULTIPLE
BASEBALL,53406,17.97,WON,SINGLE
TENNIS,19751,1.24,LOST,MULTIPLE
BASEBALL,18221,10.03,WON,SINGLE
BASKETBALL,78486,22.37,WON,SINGLE
BASKETBALL,73823,17.31,NOT ESTIMATED,MULTIPLE
HOCKEY,83443,14.56,NOT ESTIMATED,MULTIPLE
BASEBALL,11918,21.6,RETURNED,MULTIPLE
TENNIS,78810,11.98,NOT ESTIMATED,MULTIPLE
BASKETBALL,3638,5.01,NOT ESTIMATED,MULTIPLE
VOLLEYBALL,85206,24.22,RETURNED,MULTIPLE
TENNIS,76501,6.94,RETURNED,MULTIPLE
VOLLEYBALL,46286,21.75,WON,SINGLE
BASEBALL,45978,5.84,RETURNED,SINGLE
BASEBALL,6226,17.03,RETURNED,MULTIPLE
VOLLEYBALL,80162,15.47,NOT ESTIMATED,MULTIPLE
VOLLEYBALL,6214,21.41,LOST,SINGLE
BASEBALL,95430,21.06,WON,MULTIPLE
BASKETBALL,79505,7.94,LOST,MULTIPLE
BASKETBALL,25382,6.59,LOST,SINGLE
BASKETBALL,5845,24.77,WON,MULTIPLE
FOOTBALL,23220,18.34,LOST,MULTIPLE
BASKETBALL,43510,18.5,RETURNED,SINGLE
VOLLEYBALL,2553,2.3,LOST,MULTIPLE
TABLE TENNIS,42072,11.55,NOT ESTIMATED,SINGLE
BASKETBALL,64649,22.41,NOT ESTIMATED,MULTIPLE
HOCKEY,39949,11.38,WON,SINGLE
HOCKEY,9529,7.86,NOT ESTIMATED,SINGLE
VOLLEYBALL,99434,19.0,RETURNED,SINGLE
FOOTBALL,97919,4.63,RETURNED,SINGLE
BASKETBALL,90238,12.41,WON,SINGLE
HOCKEY,85046,12.75,RETURNED,SINGLE
TENNIS,53953,2.39,WON,SINGLE
VOLLEYBALL,44446,21.62,WON,MULTIPLE
VOLLEYBALL,24746,19.85,WON,SINGLE
BASEBALL,75232,8.86,WON,MULTIPLE
TENNIS,13112,4.49,LOST,MULTIPLE
VOLLEYBALL,94153,3.78,LOST,MULTIPLE
TABLE TENNIS,28845,3.13,NOT ESTIMATED,MULTIPLE
BASKETBALL,63730,21.04,NOT ESTIMATED,MULTIPLE
FOOTBALL,35937,23.93,RETURNED,SINGLE
TABLE TENNIS,61127,18.4,LOST,SINGLE
FOOTBALL,80956,3.65,NOT ESTIMATED,MULTIPLE
FOOTBALL,89749,16.15,WON,MULTIPLE
TENNIS,69403,1.7,LOST,SINGLE
TENNIS,44478,16.81,WON,SINGLE
HOCKEY,56317,12.02,NOT ESTIMATED,MULTIPLE
VOLLEYBALL,2738,14.33,LOST,MULTIPLE
TABLE TENNIS,51582,7.33,LOST,MULTIPLE
BASEBALL,37668,15.94,WON,SINGLE
TABLE TENNIS,57777,17.47,LOST,SINGLE
HOCKEY,22859,18.71,WON,SINGLE
TENNIS,32999,7.52,LOST,MULTIPLE
FOOTBALL,21432,22.59,NOT ESTIMATED,SINGLE
BASKETBALL,46729,2.9,NOT ESTIMATED,MULTIPLE
BASEBALL,52281,10.13,WON,MULTIPLE
FOOTBALL,54686,12.84,WON,MULTIPLE
TENNIS,12338,15.87,RETURNED,MULTIPLE
BASEBALL,14617,11.16,NOT ESTIMATED,SINGLE
TABLE TENNIS,59787,10.65,LOST,MULTIPLE
HOCKEY,11907,8.53,NOT ESTIMATED,MULTIPLE
HOCKEY,95928,24.78,WON,SINGLE
HOCKEY,24062,20.93,LOST,MULTIPLE
TENNIS,39619,3.48,NOT ESTIMATED,MULTIPLE
FOOTBALL,79899,15.55,WON,SINGLE
FOOTBALL,31830,21.63,LOST,SINGLE
TENNIS,76863,19.4,WON,SINGLE
TENNIS,88613,24.26,NOT ESTIMATED,SINGLE
BASKETBALL,36048,13.29,WON,SINGLE
FOOTBALL,32653,23.03,NOT ESTIMATED,SINGLE
TABLE TENNIS,92661,5.12,WON,MULTIPLE
BASKETBALL,20818,4.97,WON,MULTIPLE
BASKETBALL,91050,6.37,WON,MULTIPLE
BASEBALL,11171,6.4,LOST,MULTIPLE
BASEBALL,87408,15.22,RETURNED,MULTIPLE
VOLLEYBALL,97809,16.09,LOST,MULTIPLE
TENNIS,9958,5.22,RETURNED,SINGLE
FOOTBALL,87073,21.61,RETURNED,MULTIPLE
BASKETBALL,71586,13.23,NOT ESTIMATED,SINGLE
TENNIS,8542,4.56,RETURNED,MULTIPLE
BASEBALL,64697,3.31,RETURNED,MULTIPLE
FOOTBALL,6110,17.49,LOST,MULTIPLE
VOLLEYBALL,16164,6.92,WON,MULTIPLE
TENNIS,15169,19.28,RETURNED,MULTIPLE
HOCKEY,24577,17.64,RETURNED,MULTIPLE
TABLE TENNIS,28991,7.7,RETURNED,SINGLE
VOLLEYBALL,64507,14.66,NOT ESTIMATED,MULTIPLE
TENNIS,9189,18.69,RETURNED,MULTIPLE
HOCKEY,45019,13.17,NOT ESTIMATED,MULTIPLE
FOOTBALL,21871,3.96,LOST,SINGLE
VOLLEYBALL,67255,2.88,NOT ESTIMATED,MULTIPLE
TABLE TENNIS,76944,7.64,RETURNED,MULTIPLE
BASKETBALL,33090,24.88,LOST,SINGLE
VOLLEYBALL,41014,11.79,RETURNED,SINGLE
TABLE TENNIS,77974,20.87,RETURNED,MULTIPLE
TENNIS,11271,1.69,WON,MULTIPLE
VOLLEYBALL,31394,7.68,NOT ESTIMATED,MULTIPLE
FOOTBALL,98357,21.92,WON,MULTIPLE
BASKETBALL,79184,4.92,RETURNED,MULTIPLE
BASEBALL,86693,15.44,LOST,SINGLE
BASEBALL,14917,17.33,LOST,SINGLE
BASKETBALL,90885,7.9,RETURNED,SINGLE
BASKETBALL,20979,3.2,RETURNED,MULTIPLE
HOCKEY,93649,8.28,WON,SINGLE
FOOTBALL,15643,17.53,WON,MULTIPLE
FOOTBALL,70320,9.59,NOT ESTIMATED,SINGLE
TABLE TENNIS,65399,13.69,LOST,MULTIPLE
TENNIS,66235,3.58,LOST,SINGLE
TABLE TENNIS,83683,4.55,RETURNED,SINGLE
BASEBALL,29380,15.11,WON,MULTIPLE
VOLLEYBALL,22821,19.07,RETURNED,MULTIPLE
HOCKEY,24749,5.78,NOT ESTIMATED,SINGLE
FOOTBALL,63617,19.42,RETURNED,SINGLE
FOOTBALL,85838,23.43,NOT ESTIMATED,SINGLE
VOLLEYBALL,35999,17.93,RETURNED,MULTIPLE
BASKETBALL,57034,16.72,WON,MULTIPLE
HOCKEY,23036,1.46,LOST,MULTIPLE
BASKETBALL,80300,2.92,RETURNED,SINGLE
HOCKEY,62766,17.3,NOT ESTIMATED,MULTIPLE
FOOTBALL,23729,6.98,NOT ESTIMATED,MULTIPLE
FOOTBALL,88838,4.77,LOST,MULTIPLE
TENNIS,40837,22.36,RETURNED,SINGLE
TENNIS,3267,10.49,RETURNED,SINGLE
TABLE TENNIS,40877,14.63,LOST,MULTIPLE
BASEBALL,40822,1.22,NOT ESTIMATED,MULTIPLE
BASKETBALL,84209,24.71,NOT ESTIMATED,MULTIPLE
BASEBALL,31650,21.02,WON,MULTIPLE
HOCKEY,35620,18.11,LOST,SINGLE
BASEBALL,60935,23.27,RETURNED,MULTIPLE
HOCKEY,16725,24.18,RETURNED,MULTIPLE
FOOTBALL,61968,12.07,NOT ESTIMATED,SINGLE
BASEBALL,13116,12.01,RETURNED,MULTIPLE
HOCKEY,64188,11.45,WON,MULTIPLE
VOLLEYBALL,72947,2.93,WON,SINGLE
FOOTBALL,23166,9.05,RETURNED,MULTIPLE
BASEBALL,84123,21.72,LOST,MULTIPLE
HOCKEY,75450,16.91,WON,MULTIPLE
HOCKEY,79031,13.59,LOST,MULTIPLE
HOCKEY,91315,9.24,RETURNED,SINGLE
HOCKEY,57469,20.44,WON,SINGLE
HOCKEY,7249,20.32,NOT ESTIMATED,MULTIPLE
TENNIS,41758,13.76,WON,MULTIPLE
BASKETBALL,11416,2.54,RETURNED,MULTIPLE
HOCKEY,52439,20.11,WON,SINGLE
TENNIS,28502,6.62,WON,MULTIPLE
TABLE TENNIS,47569,7.78,WON,MULTIPLE
HOCKEY,70346,15.87,NOT ESTIMATED,MULTIPLE
TENNIS,56369,15.38,NOT ESTIMATED,MULTIPLE
TENNIS,37652,9.93,WON,MULTIPLE
TABLE TENNIS,95521,4.29,LOST,MULTIPLE
BASEBALL,79057,4.85,WON,SINGLE
VOLLEYBALL,84773,2.11,RETURNED,MULTIPLE
FOOTBALL,93337,1.75,NOT ESTIMATED,MULTIPLE
BASKETBALL,13755,17.55,WON,SINGLE
TABLE TENNIS,33934,22.82,WON,MULTIPLE
TENNIS,8319,18.52,WON,MULTIPLE
HOCKEY,54464,18.38,RETURNED,SINGLE
TENNIS,6930,3.06,LOST,MULTIPLE
FOOTBALL,30719,9.02,RETURNED,MULTIPLE
BASEBALL,28838,16.88,NOT ESTIMATED,MULTIPLE
HOCKEY,50150,16.04,WON,SINGLE
VOLLEYBALL,57679,22.51,WON,MULTIPLE
FOOTBALL,24773,23.52,RETURNED,SINGLE
TABLE TENNIS,12952,22.94,NOT ESTIMATED,MULTIPLE
HOCKEY,34958,8.58,LOST,MULTIPLE
VOLLEYBALL,37648,22.73,WON,SINGLE
FOOTBALL,82557,13.99,WON,SINGLE
FOOTBALL,48066,14.96,LOST,SINGLE
BASEBALL,19074,5.83,RETURNED,MULTIPLE
BASKETBALL,69983,23.97,NOT ESTIMATED,MULTIPLE
BASKETBALL,95924,14.28,LOST,SINGLE
TENNIS,61321,1.85,WON,MULTIPLE
TENNIS,32475,18.17,NOT ESTIMATED,MULTIPLE
FOOTBALL,95550,12.91,LOST,MULTIPLE
FOOTBALL,21188,15.74,NOT ESTIMATED,MULTIPLE
TENNIS,73390,24.12,NOT ESTIMATED,MULTIPLE
TENNIS,72846,1.4,NOT ESTIMATED,MULTIPLE
VOLLEYBALL,80645,21.18,NOT ESTIMATED,MULTIPLE
TENNIS,29979,1.6,NOT ESTIMATED,MULTIPLE
VOLLEYBALL,29145,6.13,NOT ESTIMATED,MULTIPLE
BASEBALL,48507,2.19,RETURNED,SINGLE
VOLLEYBALL,12762,12.74,NOT ESTIMATED,SINGLE
FOOTBALL,91775,10.05,LOST,MULTIPLE
TENNIS,68134,20.97,WON,MULTIPLE
TENNIS,53771,2.52,RETURNED,MULTIPLE
BASEBALL,74096,20.39,RETURNED,SINGLE
BASEBALL,52948,17.3,NOT ESTIMATED,SINGLE
VOLLEYBALL,55391,6.88,LOST,MULTIPLE
BASEBALL,30947,17.28,LOST,SINGLE
TABLE TENNIS,21433,7.51,RETURNED,MULTIPLE
FOOTBALL,6950,18.88,RETURNED,SINGLE
FOOTBALL,54002,8.42,NOT ESTIMATED,SINGLE
TABLE TENNIS,93007,20.15,WON,MULTIPLE
HOCKEY,33650,8.14,NOT ESTIMATED,SINGLE
TABLE TENNIS,36899,4.49,NOT ESTIMATED,MULTIPLE
FOOTBALL,13730,16.42,RETURNED,MULTIPLE
BASKETBALL,24145,8.24,NOT ESTIMATED,MULTIPLE
BASEBALL,36475,15.47,LOST,SINGLE
BASEBALL,45412,22.92,WON,SINGLE
TENNIS,93885,22.83,WON,SINGLE
BASEBALL,3512,16.93,LOST,SINGLE
BASEBALL,96607,16.7,RETURNED,SINGLE
BASKETBALL,9054,24.8,RETURNED,MULTIPLE
HOCKEY,99643,12.55,LOST,SINGLE
TABLE TENNIS,65854,14.63,NOT ESTIMATED,MULTIPLE
FOOTBALL,82327,7.03,NOT ESTIMATED,SINGLE
TENNIS,11115,14.17,NOT ESTIMATED,MULTIPLE
BASEBALL,43530,13.54,NOT ESTIMATED,MULTIPLE
BASEBALL,30250,4.74,LOST,SINGLE
FOOTBALL,66137,10.38,NOT ESTIMATED,MULTIPLE
VOLLEYBALL,23580,23.46,RETURNED,SINGLE
FOOTBALL,62501,3.32,RETURNED,MULTIPLE
VOLLEYBALL,42904,1.63,NOT ESTIMATED,MULTIPLE
TABLE TENNIS,90047,8.09,NOT ESTIMATED,SINGLE
VOLLEYBALL,11238,19.14,RETURNED,SINGLE
VOLLEYBALL,18326,14.63,LOST,MULTIPLE
BASEBALL,51711,4.76,NOT ESTIMATED,SINGLE
TABLE TENNIS,27487,11.33,RETURNED,SINGLE
TENNIS,16517,7.14,NOT ESTIMATED,MULTIPLE
HOCKEY,95061,4.67,WON,SINGLE
FOOTBALL,5069,19.94,NOT ESTIMATED,MULTIPLE
TABLE TENNIS,37399,1.66,NOT ESTIMATED,MULTIPLE
BASEBALL,97303,21.49,LOST,SINGLE
BASKETBALL,51219,9.32,RETURNED,MULTIPLE
BASEBALL,75223,4.1,WON,MULTIPLE
VOLLEYBALL,54015,2.77,WON,MULTIPLE
HOCKEY,2052,21.86,RETURNED,SINGLE
BASKETBALL,29269,1.82,WON,SINGLE
TABLE TENNIS,79596,5.11,NOT ESTIMATED,SINGLE
BASEBALL,67837,14.48,WON,SINGLE
FOOTBALL,22626,19.96,NOT ESTIMATED,MULTIPLE
TABLE TENNIS,45946,14.47,WON,MULTIPLE
TENNIS,6585,2.11,RETURNED,MULTIPLE
BASEBALL,64144,13.46,NOT ESTIMATED,MULTIPLE
FOOTBALL,78193,14.56,LOST,MULTIPLE
BASEBALL,79137,3.97,RETURNED,MULTIPLE
FOOTBALL,99505,3.67,NOT ESTIMATED,SINGLE
BASEBALL,12830,8.61,LOST,SINGLE
BASEBALL,47350,23.11,NOT ESTIMATED,SINGLE
TABLE TENNIS,30779,23.21,LOST,MULTIPLE
BASEBALL,91584,12.28,RETURNED,SINGLE
VOLLEYBALL,76271,11.77,LOST,SINGLE
BASKETBALL,88092,20.16,LOST,MULTIPLE
HOCKEY,64912,15.59,RETURNED,MULTIPLE
BASKETBALL,19955,5.21,LOST,MULTIPLE
HOCKEY,28964,2.46,RETURNED,MULTIPLE
TABLE TENNIS,13017,13.67,LOST,MULTIPLE
TABLE TENNIS,85156,23.08,NOT ESTIMATED,MULTIPLE
TABLE TENNIS,76497,24.98,NOT ESTIMATED,MULTIPLE
FOOTBALL,73451,9.67,WON,SINGLE
TABLE TENNIS,44916,24.82,NOT ESTIMATED,MULTIPLE
FOOTBALL,65362,7.76,WON,SINGLE
HOCKEY,77250,3.4,RETURNED,SINGLE
TABLE TENNIS,81364,24.54,NOT ESTIMATED,SINGLE
TABLE TENNIS,39555,2.87,WON,SINGLE
HOCKEY,8652,3.26,WON,MULTIPLE
TABLE TENNIS,49915,5.15,NOT ESTIMATED,MULTIPLE
FOOTBALL,89985,22.16,WON,SINGLE
HOCKEY,14358,12.03,LOST,MULTIPLE
TABLE TENNIS,72469,6.86,LOST,SINGLE
HOCKEY,91087,21.35,NOT ESTIMATED,SINGLE
BASKETBALL,49065,15.06,WON,MULTIPLE
HOCKEY,69903,13.42,LOST,SINGLE
TENNIS,36738,22.01,LOST,MULTIPLE
FOOTBALL,64734,20.76,NOT ESTIMATED,SINGLE
BASEBALL,18996,13.21,WON,MULTIPLE
BASKETBALL,54502,11.77,RETURNED,SINGLE
FOOTBALL,79283,14.21,LOST,SINGLE
BASKETBALL,35426,14.45,NOT ESTIMATED,MULTIPLE
TENNIS,86506,13.97,RETURNED,MULTIPLE
BASKETBALL,17084,2.73,NOT ESTIMATED,MULTIPLE
HOCKEY,22299,7.26,WON,SINGLE
TENNIS,28816,9.53,LOST,SINGLE
BASKETBALL,8366,9.74,NOT ESTIMATED,SINGLE
BASEBALL,50998,8.03,LOST,SINGLE
TENNIS,3273,1.68,RETURNED,MULTIPLE
TABLE TENNIS,94368,12.44,WON,MULTIPLE
FOOTBALL,45189,4.76,LOST,MULTIPLE
BASEBALL,56279,22.01,LOST,MULTIPLE
BASEBALL,28827,11.44,LOST,MULTIPLE
VOLLEYBALL,25467,16.93,WON,MULTIPLE
FOOTBALL,69734,3.49,LOST,MULTIPLE
VOLLEYBALL,44578,17.13,RETURNED,MULTIPLE
HOCKEY,50277,16.95,RETURNED,SINGLE
HOCKEY,97547,24.75,NOT ESTIMATED,SINGLE
BASEBALL,81929,15.83,NOT ESTIMATED,MULTIPLE
BASEBALL,21730,5.29,LOST,MULTIPLE
TABLE TENNIS,87456,7.62,RETURNED,MULTIPLE
HOCKEY,90385,16.51,NOT ESTIMATED,MULTIPLE
VOLLEYBALL,21202,14.27,LOST,SINGLE
TABLE TENNIS,49982,17.03,WON,MULTIPLE
BASKETBALL,65501,24.79,WON,MULTIPLE
BASEBALL,41067,3.73,NOT ESTIMATED,MULTIPLE
TABLE TENNIS,80278,17.05,RETURNED,SINGLE
TENNIS,74570,6.03,LOST,MULTIPLE
BASKETBALL,75230,3.26,NOT ESTIMATED,MULTIPLE
BASEBALL,64207,10.21,RETURNED,SINGLE
BASEBALL,5534,19.05,NOT ESTIMATED,SINGLE
HOCKEY,16218,22.26,WON,MULTIPLE
HOCKEY,52056,9.87,RETURNED,MULTIPLE
TENNIS,96655,4.01,WON,MULTIPLE
TABLE TENNIS,77799,20.24,WON,SINGLE
FOOTBALL,35669,3.18,LOST,MULTIPLE
FOOTBALL,16634,1.19,WON,MULTIPLE
FOOTBALL,17315,18.57,WON,MULTIPLE
TENNIS,95819,24.48,NOT ESTIMATED,MULTIPLE
HOCKEY,81109,23.15,NOT ESTIMATED,SINGLE
FOOTBALL,6441,22.62,NOT ESTIMATED,MULTIPLE
BASEBALL,5951,20.11,WON,MULTIPLE
BASKETBALL,54522,16.23,RETURNED,MULTIPLE
TENNIS,31459,6.1,NOT ESTIMATED,MULTIPLE
HOCKEY,44092,21.46,RETURNED,MULTIPLE
TENNIS,70704,3.94,NOT ESTIMATED,MULTIPLE
BASEBALL,32296,9.66,RETURNED,SINGLE
TENNIS,52425,9.7,LOST,SINGLE
VOLLEYBALL,32024,14.14,NOT ESTIMATED,MULTIPLE
VOLLEYBALL,61840,5.58,LOST,SINGLE
BASEBALL,86111,15.15,RETURNED,SINGLE
TABLE TENNIS,20061,17.83,RETURNED,SINGLE
TENNIS,95900,15.15,LOST,MULTIPLE
TENNIS,19665,2.53,RETURNED,SINGLE
VOLLEYBALL,26640,2.86,NOT ESTIMATED,MULTIPLE
BASKETBALL,76331,12.33,NOT ESTIMATED,SINGLE
BASKETBALL,29847,22.85,WON,SINGLE
HOCKEY,3609,18.07,WON,SINGLE
TENNIS,71320,8.91,NOT ESTIMATED,MULTIPLE
TABLE TENNIS,96357,15.87,RETURNED,MULTIPLE
BASEBALL,7550,15.51,LOST,SINGLE
TENNIS,69270,17.89,RETURNED,SINGLE
TABLE TENNIS,99642,16.74,RETURNED,SINGLE
FOOTBALL,57776,19.36,RETURNED,MULTIPLE
VOLLEYBALL,79106,16.01,LOST,SINGLE
BASEBALL,3730,22.97,WON,SINGLE
HOCKEY,62636,14.53,WON,MULTIPLE
TABLE TENNIS,69542,17.13,RETURNED,MULTIPLE
TABLE TENNIS,74522,6.54,LOST,MULTIPLE
FOOTBALL,70892,20.66,NOT ESTIMATED,SINGLE
HOCKEY,65940,17.4,WON,SINGLE
TABLE TENNIS,88832,1.3,NOT ESTIMATED,SINGLE
BASKETBALL,58634,4.94,LOST,SINGLE
BASEBALL,20716,7.65,RETURNED,SINGLE
BASEBALL,73783,5.98,NOT ESTIMATED,SINGLE
TENNIS,11982,24.42,RETURNED,MULTIPLE
TABLE TENNIS,9976,5.5,RETURNED,MULTIPLE
VOLLEYBALL,49992,19.97,NOT ESTIMATED,SINGLE
HOCKEY,13941,18.93,RETURNED,SINGLE
VOLLEYBALL,4946,22.52,RETURNED,SINGLE
FOOTBALL,94335,16.23,NOT ESTIMATED,MULTIPLE
BASEBALL,39900,7.0,WON,SINGLE
VOLLEYBALL,49468,11.57,WON,SINGLE
BASKETBALL,24725,3.56,LOST,MULTIPLE
BASEBALL,71494,20.36,LOST,MULTIPLE
HOCKEY,98712,17.37,RETURNED,MULTIPLE
BASEBALL,55419,8.67,LOST,SINGLE
TENNIS,89996,3.11,NOT ESTIMATED,SINGLE
HOCKEY,22273,21.17,NOT ESTIMATED,MULTIPLE
VOLLEYBALL,66594,15.39,WON,MULTIPLE
BASEBALL,6003,14.89,RETURNED,MULTIPLE
BASKETBALL,22806,20.3,WON,SINGLE
TABLE TENNIS,27253,20.95,LOST,MULTIPLE
TENNIS,43563,24.07,NOT ESTIMATED,MULTIPLE
VOLLEYBALL,33210,7.02,LOST,MULTIPLE
FOOTBALL,54456,23.56,WON,MULTIPLE
FOOTBALL,90283,22.58,LOST,MULTIPLE
BASKETBALL,63077,24.93,NOT ESTIMATED,SINGLE
VOLLEYBALL,7423,15.96,NOT ESTIMATED,MULTIPLE
FOOTBALL,58092,19.35,LOST,MULTIPLE
TABLE TENNIS,94425,12.11,WON,SINGLE
BASKETBALL,63811,9.76,WON,SINGLE
VOLLEYBALL,78907,7.97,RETURNED,MULTIPLE
BASKETBALL,31756,9.05,NOT ESTIMATED,SINGLE
HOCKEY,81809,3.88,NOT ESTIMATED,SINGLE
BASKETBALL,976,21.86,RETURNED,SINGLE
HOCKEY,29107,19.07,NOT ESTIMATED,SINGLE
TENNIS,74703,3.7,LOST,SINGLE
BASEBALL,45725,24.68,LOST,SINGLE
TABLE TENNIS,42292,13.5,RETURNED,SINGLE
HOCKEY,38396,5.94,NOT ESTIMATED,SINGLE
BASEBALL,19768,24.82,RETURNED,MULTIPLE
HOCKEY,35335,14.53,RETURNED,MULTIPLE
TABLE TENNIS,77032,9.4,WON,SINGLE
FOOTBALL,92984,21.69,WON,SINGLE
TABLE TENNIS,400,18.5,LOST,SINGLE
TABLE TENNIS,28209,5.65,RETURNED,MULTIPLE
BASEBALL,50442,4.12,RETURNED,SINGLE
TENNIS,29785,11.42,NOT ESTIMATED,SINGLE
VOLLEYBALL,30567,10.08,NOT ESTIMATED,SINGLE
BASKETBALL,28366,9.01,NOT ESTIMATED,MULTIPLE
BASKETBALL,55543,19.02,LOST,MULTIPLE
VOLLEYBALL,56094,7.36,LOST,SINGLE
VOLLEYBALL,42993,7.55,RETURNED,SINGLE
BASKETBALL,97098,17.5,WON,MULTIPLE
FOOTBALL,85059,2.21,RETURNED,MULTIPLE
HOCKEY,15536,7.5,NOT ESTIMATED,SINGLE
BASEBALL,54157,13.98,NOT ESTIMATED,SINGLE
TABLE TENNIS,79064,13.6,LOST,SINGLE
FOOTBALL,96109,6.8,WON,MULTIPLE
BASKETBALL,60729,3.89,LOST,MULTIPLE
BASKETBALL,75252,23.8,NOT ESTIMATED,MULTIPLE
BASKETBALL,40752,12.73,LOST,SINGLE
TENNIS,27866,10.51,RETURNED,MULTIPLE
HOCKEY,97174,19.28,RETURNED,SINGLE
VOLLEYBALL,28293,17.25,LOST,SINGLE
TENNIS,32549,16.66,RETURNED,SINGLE
FOOTBALL,65456,5.75,RETURNED,MULTIPLE
FOOTBALL,69167,12.86,WON,MULTIPLE
FOOTBALL,86667,20.15,WON,MULTIPLE
BASKETBALL,62613,12.05,LOST,MULTIPLE
BASEBALL,23518,16.15,WON,SINGLE
BASKETBALL,43408,8.67,NOT ESTIMATED,MULTIPLE
TABLE TENNIS,25580,1.79,RETURNED,SINGLE
TENNIS,88310,12.98,LOST,MULTIPLE
TABLE TENNIS,36909,20.25,NOT ESTIMATED,MULTIPLE
TENNIS,58041,3.97,WON,SINGLE
FOOTBALL,60245,12.33,LOST,MULTIPLE
HOCKEY,86354,18.0,NOT ESTIMATED,MULTIPLE
TENNIS,87612,11.81,RETURNED,SINGLE
TENNIS,59824,12.55,RETURNED,MULTIPLE
BASKETBALL,19861,9.2,RETURNED,SINGLE
TABLE TENNIS,2635,12.72,WON,SINGLE
BASEBALL,27699,4.96,NOT ESTIMATED,SINGLE
TENNIS,75296,14.04,RETURNED,MULTIPLE
TABLE TENNIS,4932,5.85,LOST,MULTIPLE
TENNIS,38493,12.73,RETURNED,SINGLE
BASKETBALL,23656,10.72,LOST,SINGLE
VOLLEYBALL,23010,22.35,RETURNED,SINGLE
TABLE TENNIS,44392,6.38,LOST,SINGLE
BASEBALL,11113,19.43,LOST,MULTIPLE
BASKETBALL,76765,16.82,WON,MULTIPLE
TENNIS,90047,3.63,WON,MULTIPLE
BASKETBALL,70667,21.82,NOT ESTIMATED,MULTIPLE
VOLLEYBALL,72171,4.16,RETURNED,SINGLE
FOOTBALL,31703,23.27,NOT ESTIMATED,MULTIPLE
VOLLEYBALL,96414,15.69,NOT ESTIMATED,SINGLE
HOCKEY,66769,24.82,WON,MULTIPLE
BASEBALL,51302,16.3,LOST,SINGLE
TENNIS,2434,12.61,NOT ESTIMATED,MULTIPLE
TABLE TENNIS,58831,12.16,NOT ESTIMATED,MULTIPLE
HOCKEY,21543,13.06,RETURNED,SINGLE
BASKETBALL,54799,15.15,RETURNED,SINGLE
VOLLEYBALL,13781,19.38,RETURNED,MULTIPLE
BASEBALL,85757,12.7,RETURNED,SINGLE
TENNIS,54926,5.2,LOST,SINGLE
HOCKEY,66954,18.6,RETURNED,MULTIPLE
TABLE TENNIS,82348,22.83,RETURNED,MULTIPLE
BASEBALL,53766,15.85,RETURNED,SINGLE
FOOTBALL,3679,20.19,NOT ESTIMATED,MULTIPLE
FOOTBALL,98905,16.84,NOT ESTIMATED,SINGLE
FOOTBALL,46460,3.96,WON,SINGLE
HOCKEY,1623,9.8,NOT ESTIMATED,SINGLE
FOOTBALL,97124,18.08,NOT ESTIMATED,MULTIPLE
VOLLEYBALL,14395,2.75,LOST,MULTIPLE
VOLLEYBALL,82613,2.11,RETURNED,SINGLE
TENNIS,71627,17.54,NOT ESTIMATED,MULTIPLE
BASKETBALL,41214,1.25,WON,SINGLE
HOCKEY,5077,1.64,WON,SINGLE
TENNIS,61111,5.93,NOT ESTIMATED,MULTIPLE
FOOTBALL,32255,21.38,NOT ESTIMATED,MULTIPLE
BASEBALL,8369,9.43,NOT ESTIMATED,SINGLE
BASEBALL,15537,1.04,LOST,MULTIPLE
FOOTBALL,75427,10.26,RETURNED,SINGLE
TENNIS,95824,1.23,WON,MULTIPLE
FOOTBALL,47315,3.25,NOT ESTIMATED,MULTIPLE
BASKETBALL,66715,22.97,WON,SINGLE
TENNIS,57350,4.92,RETURNED,SINGLE
TENNIS,57441,21.33,RETURNED,MULTIPLE
BASEBALL,7329,17.09,LOST,MULTIPLE
TENNIS,30264,24.21,RETURNED,MULTIPLE
BASEBALL,97976,21.86,RETURNED,MULTIPLE
VOLLEYBALL,91450,3.69,NOT ESTIMATED,MULTIPLE
BASEBALL,77079,5.67,LOST,MULTIPLE
BASEBALL,98140,6.83,NOT ESTIMATED,SINGLE
VOLLEYBALL,89170,21.77,RETURNED,MULTIPLE
HOCKEY,6097,2.64,WON,MULTIPLE
FOOTBALL,9181,20.66,NOT ESTIMATED,SINGLE
BASKETBALL,79251,10.82,WON,MULTIPLE
BASKETBALL,18424,21.47,WON,MULTIPLE
BASEBALL,99355,14.08,LOST,MULTIPLE
BASEBALL,79538,19.4,RETURNED,MULTIPLE
TABLE TENNIS,84821,3.91,WON,MULTIPLE
FOOTBALL,39581,23.71,RETURNED,SINGLE
TENNIS,11495,18.21,NOT ESTIMATED,MULTIPLE
FOOTBALL,73868,24.87,NOT ESTIMATED,MULTIPLE
BASKETBALL,28111,20.8,LOST,MULTIPLE
BASEBALL,62859,6.16,LOST,SINGLE
FOOTBALL,40099,14.94,NOT ESTIMATED,SINGLE
VOLLEYBALL,610,1.57,LOST,SINGLE
BASEBALL,62904,15.85,NOT ESTIMATED,SINGLE
BASKETBALL,50808,7.56,NOT ESTIMATED,SINGLE
TABLE TENNIS,51842,15.65,WON,SINGLE
HOCKEY,83629,21.14,RETURNED,SINGLE
TENNIS,23171,22.09,NOT ESTIMATED,SINGLE
BASKETBALL,13525,9.49,NOT ESTIMATED,MULTIPLE
TABLE TENNIS,66505,7.62,LOST,SINGLE
TABLE TENNIS,94408,7.32,WON,MULTIPLE
HOCKEY,24127,11.28,LOST,MULTIPLE
TABLE TENNIS,36281,15.23,LOST,SINGLE
FOOTBALL,96507,19.83,RETURNED,SINGLE
TENNIS,44560,24.64,WON,MULTIPLE
TABLE TENNIS,9738,12.58,RETURNED,MULTIPLE
HOCKEY,4953,3.07,WON,SINGLE
FOOTBALL,37420,4.15,WON,SINGLE
VOLLEYBALL,88078,17.6,LOST,SINGLE
HOCKEY,66051,18.6,LOST,SINGLE
BASEBALL,9153,20.7,NOT ESTIMATED,MULTIPLE
TENNIS,5588,2.76,WON,SINGLE
HOCKEY,81304,24.93,RETURNED,SINGLE
BASEBALL,58580,15.13,WON,SINGLE
FOOTBALL,82387,11.98,WON,SINGLE
BASKETBALL,15542,10.26,NOT ESTIMATED,MULTIPLE
BASEBALL,38178,4.99,WON,SINGLE
BASEBALL,47565,18.42,NOT ESTIMATED,SINGLE
BASKETBALL,50384,24.06,NOT ESTIMATED,MULTIPLE
VOLLEYBALL,5954,24.85,NOT ESTIMATED,SINGLE
VOLLEYBALL,12222,16.98,RETURNED,SINGLE
TABLE TENNIS,97522,2.68,RETURNED,MULTIPLE
TENNIS,11544,24.51,LOST,MULTIPLE
FOOTBALL,9379,21.09,RETURNED,SINGLE
VOLLEYBALL,78389,8.25,RETURNED,SINGLE
VOLLEYBALL,17642,4.28,WON,SINGLE
VOLLEYBALL,1266,5.22,RETURNED,SINGLE
BASEBALL,21762,19.92,NOT ESTIMATED,SINGLE
TENNIS,57322,21.87,NOT ESTIMATED,MULTIPLE
BASKETBALL,2915,1.24,NOT ESTIMATED,SINGLE
FOOTBALL,26394,9.53,WON,SINGLE
BASEBALL,35572,2.29,RETURNED,MULTIPLE
TENNIS,91264,2.76,LOST,SINGLE
VOLLEYBALL,15339,2.3,LOST,SINGLE
VOLLEYBALL,3854,7.86,RETURNED,MULTIPLE
TABLE TENNIS,51179,12.33,WON,MULTIPLE
FOOTBALL,34338,23.75,WON,MULTIPLE
BASEBALL,81600,3.49,RETURNED,SINGLE
VOLLEYBALL,2635,16.22,NOT ESTIMATED,SINGLE
VOLLEYBALL,55476,20.27,NOT ESTIMATED,MULTIPLE
HOCKEY,35314,10.74,WON,SINGLE
BASEBALL,79612,24.23,WON,MULTIPLE
FOOTBALL,84156,1.06,NOT ESTIMATED,MULTIPLE
FOOTBALL,94400,2.94,WON,SINGLE
VOLLEYBALL,44277,7.48,RETURNED,MULTIPLE
HOCKEY,41749,19.53,RETURNED,MULTIPLE
FOOTBALL,14460,19.0,NOT ESTIMATED,SINGLE
BASKETBALL,90941,22.19,RETURNED,MULTIPLE
VOLLEYBALL,33934,9.68,WON,MULTIPLE
BASKETBALL,31791,16.48,RETURNED,SINGLE
BASEBALL,67622,8.79,NOT ESTIMATED,MULTIPLE
BASEBALL,46482,13.4,WON,MULTIPLE
BASEBALL,52393,10.05,WON,SINGLE
TABLE TENNIS,25072,15.99,RETURNED,SINGLE
TENNIS,25294,24.11,LOST,SINGLE
BASEBALL,61629,14.09,LOST,SINGLE
TABLE TENNIS,5594,1.14,RETURNED,MULTIPLE
TABLE TENNIS,82375,15.24,RETURNED,MULTIPLE
BASKETBALL,98616,19.5,WON,MULTIPLE
BASEBALL,64063,6.84,RETURNED,SINGLE
BASKETBALL,59135,10.74,RETURNED,SINGLE
HOCKEY,83650,3.58,RETURNED,MULTIPLE
HOCKEY,51163,10.9,LOST,MULTIPLE
TENNIS,9466,10.4,RETURNED,MULTIPLE
HOCKEY,94405,24.56,WON,SINGLE
TENNIS,55477,23.64,WON,SINGLE
FOOTBALL,7104,8.47,NOT ESTIMATED,MULTIPLE
TENNIS,3603,12.67,RETURNED,MULTIPLE
BASEBALL,50400,3.35,WON,MULTIPLE
