worker_last_name,worker_first_name,theme,ticket_status,ticket_date
Eaton,Samuel,VERIFICATION,NOT SOLVED,2020-11-24
Brooks,Barbara,GENERAL,UNDER CONSIDERATION,2019-06-18
Perkins,Angela,VERIFICATION,UNDER CONSIDERATION,1994-05-30
Robertson,Garrett,VERIFICATION,SOLVED,1986-10-31
Hernandez,Stephen,VERIFICATION,UNDER CONSIDERATION,2018-03-04
Moreno,Rebecca,WITHDRAW,UNDER CONSIDERATION,1984-05-01
Bishop,Sandra,DEPOSIT,NOT SOLVED,1989-01-16
Garcia,Willie,DEPOSIT,NOT SOLVED,2007-01-14
Wells,Christina,VERIFICATION,NOT SOLVED,1989-10-10
Murphy,Melissa,DEPOSIT,UNDER CONSIDERATION,2003-03-09
Graham,Brittany,WITHDRAW,UNDER CONSIDERATION,2019-12-10
Harris,Holly,WITHDRAW,NOT SOLVED,1982-11-23
Young,Stacy,GENERAL,SOLVED,1987-09-07
Reynolds,Victoria,GENERAL,UNDER CONSIDERATION,1983-11-25
Hogan,Joseph,GENERAL,UNDER CONSIDERATION,1972-01-04
Gentry,Michael,WITHDRAW,UNDER CONSIDERATION,2013-12-03
Garrett,Kyle,GENERAL,NOT SOLVED,1978-09-08
Lopez,Melissa,WITHDRAW,UNDER CONSIDERATION,2001-08-12
Smith,Michael,GENERAL,SOLVED,1992-06-22
Hawkins,Allison,VERIFICATION,SOLVED,1981-02-18
Kirby,William,DEPOSIT,NOT SOLVED,1992-05-02
Garrett,Micheal,DEPOSIT,NOT SOLVED,1978-04-30
Love,Deborah,GENERAL,SOLVED,1988-07-06
Vasquez,Victor,GENERAL,SOLVED,1995-08-18
Williamson,Brandon,VERIFICATION,NOT SOLVED,1974-11-01
Joseph,Julie,GENERAL,UNDER CONSIDERATION,2002-10-21
Williams,Crystal,WITHDRAW,SOLVED,2002-08-29
Ford,Virginia,GENERAL,SOLVED,2010-08-25
Farley,Kelli,DEPOSIT,NOT SOLVED,2020-04-30
Taylor,Sherry,GENERAL,UNDER CONSIDERATION,1985-05-20
Huff,Elizabeth,WITHDRAW,NOT SOLVED,1972-10-05
Wall,Susan,DEPOSIT,UNDER CONSIDERATION,1986-09-08
Johnston,Tracy,DEPOSIT,UNDER CONSIDERATION,2005-07-19
Moore,David,GENERAL,UNDER CONSIDERATION,2020-08-01
Brady,Darryl,GENERAL,SOLVED,1980-01-17
Johnson,James,WITHDRAW,SOLVED,1993-01-02
Moreno,Robert,VERIFICATION,UNDER CONSIDERATION,1998-10-23
Hunt,Luke,DEPOSIT,UNDER CONSIDERATION,2018-04-27
Santos,Tyler,VERIFICATION,UNDER CONSIDERATION,1996-06-21
Hodge,Jacob,GENERAL,NOT SOLVED,2014-04-08
Diaz,Melissa,GENERAL,UNDER CONSIDERATION,2000-09-03
Howe,Derek,GENERAL,NOT SOLVED,2016-09-01
Harris,Jeffrey,VERIFICATION,SOLVED,2004-12-08
Lambert,Raven,WITHDRAW,UNDER CONSIDERATION,1974-04-10
Bennett,Jason,VERIFICATION,UNDER CONSIDERATION,1980-11-21
Paul,Cynthia,VERIFICATION,SOLVED,1985-08-31
Wall,Richard,WITHDRAW,UNDER CONSIDERATION,1999-07-13
Buchanan,Anthony,WITHDRAW,SOLVED,2006-10-19
Watson,Julie,WITHDRAW,NOT SOLVED,1988-10-11
Wilson,Paul,GENERAL,UNDER CONSIDERATION,1995-10-22
Walters,William,DEPOSIT,UNDER CONSIDERATION,2018-07-02
Hill,Gabriela,GENERAL,NOT SOLVED,2014-11-21
Patton,John,VERIFICATION,UNDER CONSIDERATION,2004-10-08
Ware,Andre,WITHDRAW,NOT SOLVED,2012-02-10
Morris,Selena,GENERAL,NOT SOLVED,2005-02-27
Thompson,Debra,GENERAL,NOT SOLVED,1996-04-02
Hutchinson,Angela,GENERAL,SOLVED,2023-01-05
Gilmore,Kristine,DEPOSIT,NOT SOLVED,2006-02-28
Griffin,Judy,WITHDRAW,UNDER CONSIDERATION,2020-06-20
White,Tina,DEPOSIT,NOT SOLVED,1980-02-28
Haas,Gary,GENERAL,SOLVED,1992-02-19
Santiago,Jodi,DEPOSIT,NOT SOLVED,1987-12-18
Vincent,Andrea,GENERAL,NOT SOLVED,1978-10-16
Williams,Michael,GENERAL,UNDER CONSIDERATION,2008-06-19
Vargas,Nicole,GENERAL,NOT SOLVED,1991-08-15
Daniels,Brian,WITHDRAW,UNDER CONSIDERATION,2007-02-01
Fisher,Kimberly,GENERAL,SOLVED,2010-05-31
Turner,Gina,DEPOSIT,UNDER CONSIDERATION,1996-09-23
Buchanan,Natalie,GENERAL,UNDER CONSIDERATION,1971-05-10
Whitehead,Sara,WITHDRAW,UNDER CONSIDERATION,2021-08-14
Wilkerson,Amber,WITHDRAW,NOT SOLVED,1999-05-03
White,Carly,GENERAL,SOLVED,2018-01-18
Hogan,Tara,WITHDRAW,NOT SOLVED,1998-07-23
Robles,Shannon,WITHDRAW,NOT SOLVED,1985-02-22
Thomas,Bradley,GENERAL,UNDER CONSIDERATION,1992-07-03
Morris,Susan,GENERAL,UNDER CONSIDERATION,2023-03-09
Boyd,Laura,DEPOSIT,NOT SOLVED,1997-04-17
Elliott,Laura,VERIFICATION,SOLVED,1986-03-13
Moses,Monica,VERIFICATION,UNDER CONSIDERATION,1989-02-21
Williams,Ashley,VERIFICATION,NOT SOLVED,2015-06-22
Mcguire,Deborah,WITHDRAW,UNDER CONSIDERATION,2010-02-28
Ross,Danny,GENERAL,SOLVED,1993-06-19
Montgomery,Steven,WITHDRAW,SOLVED,1987-09-17
Freeman,Rebecca,WITHDRAW,UNDER CONSIDERATION,2022-07-29
Wise,Ashley,VERIFICATION,UNDER CONSIDERATION,1992-03-12
Wood,Shane,DEPOSIT,UNDER CONSIDERATION,2015-10-23
Baker,Chad,DEPOSIT,UNDER CONSIDERATION,2018-05-07
Lambert,Bianca,VERIFICATION,UNDER CONSIDERATION,1972-01-14
Jimenez,Michele,DEPOSIT,UNDER CONSIDERATION,1975-10-26
Evans,Charles,VERIFICATION,UNDER CONSIDERATION,1982-10-26
Wilson,Kathleen,WITHDRAW,SOLVED,2004-12-02
Collins,Alison,WITHDRAW,SOLVED,1997-03-14
Curtis,Stephen,DEPOSIT,SOLVED,1995-02-22
Roberts,Megan,GENERAL,NOT SOLVED,1970-12-03
Page,Madison,WITHDRAW,UNDER CONSIDERATION,1981-09-20
Morgan,Charles,WITHDRAW,UNDER CONSIDERATION,1978-09-03
Lara,Vanessa,WITHDRAW,SOLVED,1996-05-10
Petersen,Kimberly,WITHDRAW,UNDER CONSIDERATION,2002-09-30
Phillips,Renee,WITHDRAW,SOLVED,1972-02-17
Galloway,Robert,WITHDRAW,NOT SOLVED,2021-07-08
Little,Andrew,WITHDRAW,SOLVED,2004-11-14
Powell,James,VERIFICATION,SOLVED,2012-05-09
Sawyer,Stephen,WITHDRAW,SOLVED,2016-04-13
Townsend,Sergio,DEPOSIT,UNDER CONSIDERATION,1977-08-27
Cardenas,Alexander,WITHDRAW,UNDER CONSIDERATION,2004-07-24
Austin,Brian,GENERAL,NOT SOLVED,1995-04-18
Patton,Lisa,VERIFICATION,NOT SOLVED,2006-09-30
Martin,Lisa,VERIFICATION,SOLVED,1987-07-15
Stewart,Danielle,WITHDRAW,UNDER CONSIDERATION,1974-06-15
Holmes,Paul,DEPOSIT,UNDER CONSIDERATION,2006-10-10
Grant,William,WITHDRAW,UNDER CONSIDERATION,1998-02-09
Estrada,Amy,WITHDRAW,NOT SOLVED,1995-02-10
Jacobs,Daniel,WITHDRAW,NOT SOLVED,1978-06-30
Rubio,Kelly,DEPOSIT,SOLVED,1996-02-03
Jackson,Jessica,WITHDRAW,UNDER CONSIDERATION,1978-07-26
Perez,Joel,VERIFICATION,UNDER CONSIDERATION,1979-04-25
Miller,Francisco,WITHDRAW,UNDER CONSIDERATION,1971-08-27
Rogers,David,WITHDRAW,NOT SOLVED,2000-09-23
Barrett,Cody,WITHDRAW,UNDER CONSIDERATION,2007-09-18
Parker,Richard,VERIFICATION,SOLVED,1998-07-12
Perry,Timothy,WITHDRAW,NOT SOLVED,1970-07-29
Garcia,Crystal,DEPOSIT,NOT SOLVED,2008-09-03
Brown,Maria,GENERAL,UNDER CONSIDERATION,2001-07-01
Watkins,Douglas,VERIFICATION,UNDER CONSIDERATION,2017-07-26
Ball,Samantha,WITHDRAW,NOT SOLVED,1987-01-13
Williams,Patrick,VERIFICATION,UNDER CONSIDERATION,2002-02-25
Burns,Stacy,DEPOSIT,UNDER CONSIDERATION,2023-03-07
Cochran,Anthony,DEPOSIT,SOLVED,1974-07-18
Perez,Derek,WITHDRAW,NOT SOLVED,1988-07-19
Patterson,Jesse,VERIFICATION,NOT SOLVED,2008-11-21
Johnson,Megan,GENERAL,SOLVED,1980-03-23
Ramsey,George,DEPOSIT,UNDER CONSIDERATION,2004-10-04
Williams,Alexis,WITHDRAW,SOLVED,1974-06-16
Cline,Jason,VERIFICATION,SOLVED,1978-08-02
Bentley,Jennifer,VERIFICATION,SOLVED,2023-08-25
Brown,Cheryl,GENERAL,SOLVED,2011-01-13
Collins,William,DEPOSIT,NOT SOLVED,1992-01-26
Hanson,Regina,DEPOSIT,SOLVED,2006-09-04
Campbell,James,VERIFICATION,SOLVED,2019-12-18
Erickson,Julie,VERIFICATION,SOLVED,1978-09-16
Smith,Angela,WITHDRAW,SOLVED,1987-10-06
Kennedy,Steven,VERIFICATION,NOT SOLVED,2003-07-13
Brown,Megan,DEPOSIT,NOT SOLVED,2005-01-23
Wilson,Theresa,VERIFICATION,UNDER CONSIDERATION,1985-03-29
Hubbard,Penny,GENERAL,UNDER CONSIDERATION,1975-05-23
Johnson,Lauren,VERIFICATION,SOLVED,2002-11-08
Hunt,Katherine,GENERAL,UNDER CONSIDERATION,1994-07-10
Alvarez,Timothy,WITHDRAW,SOLVED,2009-03-04
Salazar,Michael,DEPOSIT,UNDER CONSIDERATION,2001-11-03
Hahn,Joseph,GENERAL,UNDER CONSIDERATION,1972-04-25
Pearson,Michael,WITHDRAW,NOT SOLVED,2019-12-05
Martin,Shannon,GENERAL,UNDER CONSIDERATION,1994-04-29
Moss,Gabrielle,DEPOSIT,NOT SOLVED,2015-07-01
Baker,Cassandra,VERIFICATION,SOLVED,1977-12-28
Payne,Jacob,GENERAL,UNDER CONSIDERATION,2022-05-28
Dominguez,Kenneth,DEPOSIT,UNDER CONSIDERATION,1980-01-16
Juarez,Megan,WITHDRAW,UNDER CONSIDERATION,2011-03-15
Carey,Stacy,DEPOSIT,UNDER CONSIDERATION,2000-10-01
Vasquez,Chelsey,WITHDRAW,NOT SOLVED,2014-07-01
Andrews,John,VERIFICATION,NOT SOLVED,2000-11-08
Carey,Timothy,VERIFICATION,SOLVED,2004-02-19
Moses,Timothy,WITHDRAW,UNDER CONSIDERATION,1989-02-04
Duncan,Erika,GENERAL,NOT SOLVED,1978-12-23
Warren,Mary,VERIFICATION,NOT SOLVED,1989-07-04
Pugh,Carol,WITHDRAW,NOT SOLVED,2005-08-05
Ray,Julie,GENERAL,UNDER CONSIDERATION,1995-01-05
Oconnor,Deborah,VERIFICATION,NOT SOLVED,1983-01-08
Martin,Alexander,WITHDRAW,NOT SOLVED,1998-11-21
Torres,Nathan,VERIFICATION,NOT SOLVED,1975-03-07
Thomas,Alexander,WITHDRAW,UNDER CONSIDERATION,2003-09-13
Chapman,Alan,GENERAL,UNDER CONSIDERATION,2008-02-08
Allen,Amy,VERIFICATION,UNDER CONSIDERATION,1984-03-16
Pierce,Alexander,GENERAL,UNDER CONSIDERATION,1971-10-02
Garcia,Justin,VERIFICATION,NOT SOLVED,2000-03-15
Parker,Allison,DEPOSIT,SOLVED,2021-12-11
Rivas,Tyler,WITHDRAW,UNDER CONSIDERATION,1988-10-26
Phillips,Michael,DEPOSIT,NOT SOLVED,1989-03-14
Brown,Stacy,WITHDRAW,NOT SOLVED,1981-08-01
Vazquez,Rachel,DEPOSIT,NOT SOLVED,1987-09-27
Jones,David,DEPOSIT,UNDER CONSIDERATION,2014-06-13
Wilkins,Margaret,GENERAL,UNDER CONSIDERATION,2016-06-20
Kirk,Taylor,WITHDRAW,SOLVED,1989-01-31
Weber,Maria,GENERAL,SOLVED,2018-03-04
Vasquez,Robert,VERIFICATION,NOT SOLVED,1986-12-06
Smith,Tony,VERIFICATION,NOT SOLVED,2019-12-25
Sanchez,Dawn,VERIFICATION,SOLVED,2003-09-13
Powers,Corey,GENERAL,UNDER CONSIDERATION,1993-11-11
Dean,Mandy,GENERAL,NOT SOLVED,1995-03-05
Hunt,Nathan,GENERAL,NOT SOLVED,2015-10-14
Jordan,Theresa,WITHDRAW,SOLVED,1981-02-12
Roth,Audrey,DEPOSIT,SOLVED,2021-08-09
Stout,Lance,DEPOSIT,NOT SOLVED,2007-11-16
Goodwin,Michele,GENERAL,UNDER CONSIDERATION,1970-03-17
Garcia,Rebecca,VERIFICATION,SOLVED,1981-07-18
Hall,Dakota,GENERAL,SOLVED,1995-06-13
Ferrell,Aaron,WITHDRAW,SOLVED,1996-12-03
Garner,Jose,WITHDRAW,UNDER CONSIDERATION,1979-09-16
Figueroa,Jasmine,DEPOSIT,NOT SOLVED,2011-11-27
White,Michael,WITHDRAW,UNDER CONSIDERATION,1994-10-18
Carey,Stephanie,DEPOSIT,NOT SOLVED,1983-10-05
Lambert,Jacqueline,VERIFICATION,NOT SOLVED,1975-01-01
Pope,Gary,WITHDRAW,SOLVED,1993-01-03
Young,Melissa,VERIFICATION,UNDER CONSIDERATION,2019-02-26
Watts,David,VERIFICATION,SOLVED,1987-03-25
Ashley,Mary,GENERAL,UNDER CONSIDERATION,2006-08-18
Johnston,Shawna,DEPOSIT,UNDER CONSIDERATION,2015-02-07
Stevens,Jessica,WITHDRAW,SOLVED,2007-05-01
Harrell,Elizabeth,WITHDRAW,SOLVED,2017-06-07
Reese,Russell,GENERAL,SOLVED,2020-09-07
King,Daniel,DEPOSIT,SOLVED,1999-01-25
Nelson,Richard,GENERAL,SOLVED,1976-02-08
Butler,Carolyn,DEPOSIT,UNDER CONSIDERATION,1988-01-29
Reeves,Patricia,VERIFICATION,NOT SOLVED,2018-11-19
Davis,Sarah,GENERAL,SOLVED,1993-09-28
Williams,Adam,GENERAL,NOT SOLVED,1986-10-01
Knight,William,DEPOSIT,SOLVED,2008-10-30
Lopez,John,VERIFICATION,NOT SOLVED,2023-08-20
Morgan,Donna,WITHDRAW,NOT SOLVED,2020-01-13
Kim,John,GENERAL,NOT SOLVED,1981-12-30
Villegas,Lindsay,DEPOSIT,NOT SOLVED,2016-06-09
Levine,John,DEPOSIT,NOT SOLVED,1992-01-10
Newton,Robert,DEPOSIT,NOT SOLVED,1991-11-15
Walsh,Anna,GENERAL,UNDER CONSIDERATION,2018-07-11
Carpenter,David,DEPOSIT,NOT SOLVED,2009-12-09
Maddox,Heather,GENERAL,UNDER CONSIDERATION,2015-01-08
Edwards,Jessica,GENERAL,UNDER CONSIDERATION,2010-06-28
Savage,Theresa,GENERAL,SOLVED,1989-01-12
Reynolds,Lisa,WITHDRAW,NOT SOLVED,1988-06-18
Coleman,Joseph,VERIFICATION,UNDER CONSIDERATION,2003-06-08
Howe,Cindy,DEPOSIT,UNDER CONSIDERATION,1981-03-11
Williams,Timothy,DEPOSIT,UNDER CONSIDERATION,1995-01-22
Sampson,Adam,DEPOSIT,NOT SOLVED,1987-12-03
Carter,Danielle,DEPOSIT,SOLVED,1985-11-11
Hunt,Katie,WITHDRAW,UNDER CONSIDERATION,1996-02-12
Jones,Michael,GENERAL,NOT SOLVED,2009-09-13
Schaefer,Mark,DEPOSIT,SOLVED,1970-03-25
Dyer,Melissa,WITHDRAW,SOLVED,1970-03-26
Gray,Alexis,GENERAL,SOLVED,2023-10-04
Duffy,Maria,DEPOSIT,SOLVED,2020-05-12
Nelson,Lauren,GENERAL,NOT SOLVED,2013-09-20
Hunter,Jill,DEPOSIT,UNDER CONSIDERATION,1977-12-25
Nelson,Alex,GENERAL,UNDER CONSIDERATION,1994-11-04
Moses,Cory,GENERAL,UNDER CONSIDERATION,2007-04-26
Lam,Bryan,WITHDRAW,NOT SOLVED,2017-03-11
Montoya,Walter,VERIFICATION,SOLVED,2000-05-07
Woodard,Thomas,DEPOSIT,UNDER CONSIDERATION,2002-06-12
Nelson,Katrina,DEPOSIT,SOLVED,1971-09-13
Lopez,Kelly,GENERAL,UNDER CONSIDERATION,2003-11-02
Johnson,Adrian,DEPOSIT,NOT SOLVED,2002-07-02
Murphy,Sheryl,VERIFICATION,SOLVED,1999-06-11
Tyler,Brian,GENERAL,SOLVED,1980-05-27
Owens,Jesse,WITHDRAW,UNDER CONSIDERATION,1996-05-23
Weber,Lisa,DEPOSIT,UNDER CONSIDERATION,1995-10-14
Clark,Lawrence,DEPOSIT,UNDER CONSIDERATION,2008-05-30
Glass,Katie,DEPOSIT,UNDER CONSIDERATION,2010-06-28
Wood,Dylan,DEPOSIT,NOT SOLVED,1974-10-14
Liu,Paul,VERIFICATION,UNDER CONSIDERATION,1994-05-01
Sampson,William,VERIFICATION,SOLVED,1992-06-03
Moss,Kathryn,DEPOSIT,NOT SOLVED,2015-12-16
Benson,Morgan,VERIFICATION,SOLVED,1976-06-22
Taylor,Charles,WITHDRAW,SOLVED,2007-12-24
Reyes,Alan,DEPOSIT,SOLVED,1973-11-05
Edwards,Susan,DEPOSIT,NOT SOLVED,2015-10-26
Elliott,Brittany,WITHDRAW,SOLVED,2002-01-02
Goodwin,Rose,GENERAL,SOLVED,2006-11-29
Brown,Peter,GENERAL,NOT SOLVED,2003-08-03
Hendrix,Chad,DEPOSIT,SOLVED,1982-03-21
Walker,Tanner,GENERAL,NOT SOLVED,2001-01-06
Ward,Anthony,GENERAL,SOLVED,1971-01-26
Hart,Krystal,GENERAL,SOLVED,2007-10-12
Scott,Danielle,GENERAL,SOLVED,2017-11-16
Alvarado,Joshua,VERIFICATION,SOLVED,1999-03-23
Day,Carrie,DEPOSIT,NOT SOLVED,2011-04-04
Tucker,Jason,VERIFICATION,SOLVED,1988-02-25
Garcia,Jerry,GENERAL,NOT SOLVED,2005-06-15
Torres,Jeffrey,VERIFICATION,NOT SOLVED,1999-05-27
Nichols,Linda,DEPOSIT,NOT SOLVED,1997-12-04
Knapp,Michelle,WITHDRAW,UNDER CONSIDERATION,2022-05-01
Edwards,Todd,GENERAL,NOT SOLVED,1980-11-06
Miller,Stephanie,WITHDRAW,NOT SOLVED,1994-04-19
Lopez,John,GENERAL,SOLVED,2005-01-16
Rodriguez,Jennifer,DEPOSIT,SOLVED,2003-07-11
Coleman,Rebecca,WITHDRAW,SOLVED,1989-11-16
Rice,Todd,DEPOSIT,UNDER CONSIDERATION,2015-01-18
Nelson,Matthew,WITHDRAW,UNDER CONSIDERATION,2022-04-08
Turner,Michael,VERIFICATION,NOT SOLVED,1996-02-19
Dougherty,Michael,VERIFICATION,UNDER CONSIDERATION,1987-03-09
Armstrong,Kevin,GENERAL,UNDER CONSIDERATION,1971-07-23
Powell,Emily,GENERAL,SOLVED,2009-06-15
Henry,Diana,WITHDRAW,UNDER CONSIDERATION,2007-03-30
Mccarty,April,WITHDRAW,UNDER CONSIDERATION,2002-11-05
Bradley,Timothy,VERIFICATION,UNDER CONSIDERATION,2013-11-22
Duncan,Justin,WITHDRAW,SOLVED,1995-03-03
Reeves,Vincent,WITHDRAW,UNDER CONSIDERATION,1974-02-14
Sanders,Jessica,VERIFICATION,SOLVED,2008-05-13
Campbell,Robert,WITHDRAW,UNDER CONSIDERATION,1997-11-12
Harris,Randy,WITHDRAW,UNDER CONSIDERATION,1990-10-03
Holden,Jason,VERIFICATION,NOT SOLVED,1978-11-28
Johnson,Donald,WITHDRAW,SOLVED,2021-03-21
Aguilar,Ashley,WITHDRAW,UNDER CONSIDERATION,1997-07-03
Gray,Julia,DEPOSIT,NOT SOLVED,1977-03-24
Jones,Lisa,WITHDRAW,NOT SOLVED,1997-09-17
Parker,Denise,VERIFICATION,NOT SOLVED,1975-12-25
Robinson,Jessica,VERIFICATION,NOT SOLVED,1970-04-04
Carpenter,Anita,WITHDRAW,SOLVED,1981-10-06
Lewis,Jeffrey,VERIFICATION,NOT SOLVED,2004-01-20
Jimenez,Kristen,GENERAL,NOT SOLVED,2018-03-30
Austin,Maria,WITHDRAW,UNDER CONSIDERATION,1995-02-11
Taylor,Kimberly,WITHDRAW,NOT SOLVED,1997-11-26
Rodriguez,Joseph,WITHDRAW,NOT SOLVED,1993-03-28
Thornton,Tara,VERIFICATION,UNDER CONSIDERATION,2004-08-05
Saunders,Dana,GENERAL,SOLVED,1972-10-23
Holt,Jenna,VERIFICATION,UNDER CONSIDERATION,2015-03-08
Mccarthy,Stacie,GENERAL,NOT SOLVED,1984-05-26
Lucas,Ronald,WITHDRAW,UNDER CONSIDERATION,1991-12-05
Ochoa,Michael,DEPOSIT,UNDER CONSIDERATION,2015-12-20
Thomas,Valerie,GENERAL,SOLVED,1970-12-01
Friedman,Michele,GENERAL,NOT SOLVED,2014-01-17
White,Sonya,DEPOSIT,UNDER CONSIDERATION,1994-08-27
Byrd,Joseph,DEPOSIT,NOT SOLVED,1977-05-29
Khan,Rebecca,WITHDRAW,SOLVED,1992-12-15
Nelson,Rebecca,GENERAL,NOT SOLVED,1977-09-28
Phillips,James,WITHDRAW,UNDER CONSIDERATION,1996-11-05
Colon,Kristina,DEPOSIT,UNDER CONSIDERATION,1993-09-01
Jackson,Nicholas,VERIFICATION,SOLVED,1974-03-31
Cox,Angela,VERIFICATION,SOLVED,2002-07-31
Davis,Justin,DEPOSIT,UNDER CONSIDERATION,1997-08-03
Barrett,Tim,GENERAL,UNDER CONSIDERATION,1993-03-16
Lawrence,James,WITHDRAW,SOLVED,1999-07-25
Bowman,April,WITHDRAW,NOT SOLVED,1997-09-27
Gordon,Tina,GENERAL,SOLVED,1992-08-03
Hutchinson,Joshua,DEPOSIT,UNDER CONSIDERATION,1981-04-22
Johnston,Joseph,WITHDRAW,NOT SOLVED,1973-07-17
Boyd,Dominique,DEPOSIT,UNDER CONSIDERATION,2015-03-09
Guerra,Matthew,DEPOSIT,NOT SOLVED,1997-11-22
Thompson,Sharon,DEPOSIT,UNDER CONSIDERATION,2020-04-20
Neal,Rachel,WITHDRAW,SOLVED,2019-03-14
Cobb,Douglas,GENERAL,SOLVED,2007-10-27
Gates,Christopher,WITHDRAW,UNDER CONSIDERATION,1986-11-10
Hensley,Jon,WITHDRAW,UNDER CONSIDERATION,1980-06-18
Irwin,Daniel,VERIFICATION,SOLVED,1995-01-05
Carr,Elizabeth,VERIFICATION,NOT SOLVED,1983-12-17
Newman,Katherine,WITHDRAW,NOT SOLVED,2007-05-18
Gutierrez,Kayla,GENERAL,UNDER CONSIDERATION,1974-12-01
Anderson,Christopher,GENERAL,NOT SOLVED,1988-11-08
Smith,Hector,GENERAL,SOLVED,1976-07-11
Galvan,David,DEPOSIT,NOT SOLVED,1970-09-11
Tanner,Lisa,DEPOSIT,UNDER CONSIDERATION,1987-08-28
Clark,Natalie,VERIFICATION,SOLVED,1978-12-04
Rodriguez,Ashley,WITHDRAW,NOT SOLVED,2012-09-05
Edwards,Kevin,VERIFICATION,SOLVED,1987-09-06
Gardner,Angel,DEPOSIT,UNDER CONSIDERATION,2023-06-04
Mendez,Chad,DEPOSIT,SOLVED,1970-03-09
Cole,Joanna,WITHDRAW,SOLVED,1995-09-22
Mitchell,Mario,VERIFICATION,UNDER CONSIDERATION,2022-06-18
Costa,Andrew,VERIFICATION,UNDER CONSIDERATION,2016-09-14
Mitchell,Timothy,VERIFICATION,UNDER CONSIDERATION,2017-08-13
Johnson,Emily,WITHDRAW,SOLVED,1993-04-02
Hayden,Charles,VERIFICATION,SOLVED,1988-05-20
Singh,Robert,VERIFICATION,SOLVED,1999-06-25
Mason,Joseph,DEPOSIT,NOT SOLVED,2015-07-16
Harris,Sharon,DEPOSIT,SOLVED,1999-09-18
Andrews,Lawrence,WITHDRAW,SOLVED,2021-04-20
Davis,James,GENERAL,UNDER CONSIDERATION,1981-10-04
Martinez,Nicole,GENERAL,NOT SOLVED,2016-12-18
Garcia,Nicholas,DEPOSIT,NOT SOLVED,2022-12-25
Beard,Dylan,VERIFICATION,SOLVED,2022-07-26
Carrillo,Michael,VERIFICATION,UNDER CONSIDERATION,2003-01-26
Morrow,Robert,VERIFICATION,UNDER CONSIDERATION,2023-07-08
Thomas,Clarence,DEPOSIT,NOT SOLVED,1975-11-24
Sutton,Jennifer,WITHDRAW,SOLVED,1988-08-07
Turner,Chris,WITHDRAW,SOLVED,1996-12-03
Brown,Hannah,VERIFICATION,NOT SOLVED,1976-04-04
Padilla,Mark,GENERAL,NOT SOLVED,1983-02-19
Benitez,Nicole,WITHDRAW,NOT SOLVED,1979-07-26
Rivera,Richard,VERIFICATION,UNDER CONSIDERATION,1980-05-20
Thomas,James,GENERAL,SOLVED,1990-09-06
Cherry,Ryan,DEPOSIT,NOT SOLVED,1988-06-15
Gomez,Travis,WITHDRAW,SOLVED,2000-09-23
Howard,Sandra,VERIFICATION,NOT SOLVED,2013-10-22
Woodard,Wanda,DEPOSIT,NOT SOLVED,1973-10-10
Rivera,Latasha,WITHDRAW,SOLVED,2012-07-24
Richardson,Angela,GENERAL,NOT SOLVED,2019-02-05
Nguyen,Kelly,DEPOSIT,UNDER CONSIDERATION,1977-01-29
Armstrong,Robert,DEPOSIT,UNDER CONSIDERATION,2021-12-15
Jones,Gregory,WITHDRAW,SOLVED,1981-05-28
Miller,Joshua,DEPOSIT,NOT SOLVED,1978-01-18
David,Justin,GENERAL,NOT SOLVED,2010-07-05
Adams,Scott,GENERAL,SOLVED,1994-01-29
Stewart,Melissa,DEPOSIT,UNDER CONSIDERATION,1974-07-29
Miller,Jeffrey,GENERAL,SOLVED,2009-06-03
Castillo,Devon,WITHDRAW,UNDER CONSIDERATION,2011-03-23
Wilson,Jessica,WITHDRAW,NOT SOLVED,2011-05-02
Mosley,Michael,DEPOSIT,SOLVED,1980-12-20
Black,Cynthia,VERIFICATION,NOT SOLVED,2019-12-02
Moore,Jessica,GENERAL,SOLVED,2001-09-21
Thomas,Samantha,DEPOSIT,UNDER CONSIDERATION,2008-03-01
Torres,Kimberly,DEPOSIT,SOLVED,1971-09-10
Robertson,Diana,DEPOSIT,SOLVED,1977-02-25
Wilson,Chloe,GENERAL,SOLVED,1983-07-06
Pruitt,Russell,VERIFICATION,NOT SOLVED,1980-10-12
Wang,Adrian,WITHDRAW,SOLVED,2000-04-16
Adkins,Alejandro,WITHDRAW,UNDER CONSIDERATION,2017-01-24
Webb,Andrea,GENERAL,SOLVED,1989-01-23
Fitzpatrick,Rachel,GENERAL,SOLVED,2006-06-08
Lee,Kenneth,DEPOSIT,NOT SOLVED,1986-07-19
Bartlett,Tracey,DEPOSIT,UNDER CONSIDERATION,1978-12-05
Davila,Tamara,VERIFICATION,SOLVED,1973-02-01
Evans,Jonathan,GENERAL,SOLVED,1972-02-16
Jones,Christopher,DEPOSIT,SOLVED,1976-06-01
Guerra,John,GENERAL,NOT SOLVED,1979-01-08
Ross,Julie,VERIFICATION,NOT SOLVED,1976-03-29
Banks,Frank,VERIFICATION,UNDER CONSIDERATION,2023-08-08
Greene,Bruce,VERIFICATION,SOLVED,2019-11-26
Cisneros,Timothy,WITHDRAW,UNDER CONSIDERATION,1984-11-20
Johnson,Julie,DEPOSIT,NOT SOLVED,1998-05-16
Dunn,Jonathan,GENERAL,NOT SOLVED,1973-05-03
Mata,Lauren,DEPOSIT,SOLVED,1981-10-14
Perez,Angela,VERIFICATION,SOLVED,2021-05-28
Martinez,Melinda,WITHDRAW,SOLVED,2014-08-24
Davis,Matthew,WITHDRAW,NOT SOLVED,1982-09-06
Levy,Kelly,GENERAL,SOLVED,2004-07-06
Sampson,Tina,WITHDRAW,SOLVED,1993-07-10
Humphrey,Carolyn,WITHDRAW,NOT SOLVED,2016-04-09
James,Jade,VERIFICATION,UNDER CONSIDERATION,1983-05-23
Bond,Christopher,WITHDRAW,NOT SOLVED,1991-09-12
Glover,Matthew,DEPOSIT,NOT SOLVED,1976-04-11
Nash,Bryan,GENERAL,SOLVED,1986-02-18
Lewis,Ann,DEPOSIT,NOT SOLVED,1984-04-03
Martin,Rachel,GENERAL,SOLVED,1985-04-19
Thompson,Thomas,DEPOSIT,SOLVED,1999-02-23
Powers,Sheila,WITHDRAW,SOLVED,1993-07-16
Cooley,Margaret,GENERAL,UNDER CONSIDERATION,1976-03-03
Hale,Gary,WITHDRAW,SOLVED,2016-08-18
Wilson,Rebecca,GENERAL,NOT SOLVED,1984-09-10
Taylor,Jean,WITHDRAW,SOLVED,1983-07-15
Reed,Joseph,DEPOSIT,SOLVED,1997-06-07
Hernandez,Jeffrey,VERIFICATION,SOLVED,2012-03-23
Martin,Abigail,VERIFICATION,UNDER CONSIDERATION,1990-09-08
Macias,Thomas,DEPOSIT,NOT SOLVED,1997-08-20
Washington,Diane,VERIFICATION,UNDER CONSIDERATION,1982-06-18
Turner,Courtney,VERIFICATION,SOLVED,2022-07-24
Jones,Nicole,GENERAL,NOT SOLVED,2017-02-25
Myers,Jennifer,WITHDRAW,SOLVED,2006-01-13
Collins,Nancy,GENERAL,UNDER CONSIDERATION,1986-12-20
Collins,Mary,VERIFICATION,SOLVED,1999-12-17
Tucker,Miranda,DEPOSIT,NOT SOLVED,1990-02-06
Rodriguez,Peggy,GENERAL,NOT SOLVED,1975-07-12
Caldwell,Spencer,WITHDRAW,UNDER CONSIDERATION,1970-11-13
Pratt,Kelly,VERIFICATION,SOLVED,2022-03-14
Crosby,Eugene,GENERAL,UNDER CONSIDERATION,2008-10-17
Williamson,Joseph,VERIFICATION,NOT SOLVED,2001-11-17
Smith,Jacob,DEPOSIT,NOT SOLVED,1970-10-27
Moody,Theresa,WITHDRAW,UNDER CONSIDERATION,1980-07-20
Vincent,Susan,DEPOSIT,UNDER CONSIDERATION,1988-08-28
Harris,Micheal,VERIFICATION,UNDER CONSIDERATION,2005-11-13
Bender,Kristen,WITHDRAW,UNDER CONSIDERATION,1990-05-16
Thomas,Julie,GENERAL,SOLVED,1998-07-11
White,Sherri,WITHDRAW,SOLVED,2019-08-01
Gilbert,Candice,GENERAL,UNDER CONSIDERATION,1988-03-16
Cunningham,Chad,GENERAL,UNDER CONSIDERATION,1991-10-30
Lee,James,WITHDRAW,UNDER CONSIDERATION,2015-07-21
Juarez,William,GENERAL,SOLVED,2016-05-23
Dalton,Troy,DEPOSIT,UNDER CONSIDERATION,2019-01-12
Williams,Kimberly,GENERAL,UNDER CONSIDERATION,1971-07-31
Hensley,Timothy,GENERAL,NOT SOLVED,1993-10-17
Morrison,Kristen,WITHDRAW,SOLVED,2005-12-24
Wilson,Samantha,DEPOSIT,UNDER CONSIDERATION,1973-08-08
Summers,Denise,VERIFICATION,UNDER CONSIDERATION,2007-01-24
Mcclure,Danielle,WITHDRAW,UNDER CONSIDERATION,2020-06-30
Cooper,Phillip,WITHDRAW,UNDER CONSIDERATION,2000-12-03
Garcia,Sarah,VERIFICATION,UNDER CONSIDERATION,1971-11-25
Myers,Patrick,WITHDRAW,SOLVED,2014-10-01
Anderson,Tanner,GENERAL,SOLVED,1987-09-08
Hogan,Tammy,VERIFICATION,NOT SOLVED,1979-04-03
Holloway,Lori,VERIFICATION,UNDER CONSIDERATION,2009-02-12
Hammond,Courtney,DEPOSIT,SOLVED,1980-11-26
Richardson,Jacob,VERIFICATION,NOT SOLVED,1981-11-21
Roberts,Kristin,WITHDRAW,NOT SOLVED,1971-01-14
Wilkerson,Laurie,WITHDRAW,NOT SOLVED,2010-04-24
Simon,Derrick,WITHDRAW,SOLVED,2002-07-06
Wright,Amanda,WITHDRAW,SOLVED,1973-08-16
Lopez,Misty,WITHDRAW,SOLVED,2009-09-18
Warren,Samantha,VERIFICATION,NOT SOLVED,2000-12-14
Peters,Christina,VERIFICATION,SOLVED,1999-04-19
Lewis,Nicholas,VERIFICATION,NOT SOLVED,2003-04-16
Mcbride,Sarah,WITHDRAW,UNDER CONSIDERATION,2005-09-27
Peterson,Priscilla,VERIFICATION,SOLVED,2001-02-08
Wheeler,Alexandra,GENERAL,NOT SOLVED,1972-05-17
Hayes,Kyle,GENERAL,NOT SOLVED,1971-09-11
Smith,Vanessa,GENERAL,SOLVED,1979-07-16
Marks,Mary,WITHDRAW,NOT SOLVED,1971-12-14
Curtis,Joel,VERIFICATION,UNDER CONSIDERATION,1975-06-16
Washington,Melissa,WITHDRAW,NOT SOLVED,1972-03-17
Preston,Melissa,VERIFICATION,NOT SOLVED,2004-10-09
Brown,Scott,GENERAL,NOT SOLVED,1994-08-17
Palmer,Megan,DEPOSIT,NOT SOLVED,1996-01-19
King,Joshua,VERIFICATION,NOT SOLVED,1991-04-26
Alvarez,Katie,DEPOSIT,SOLVED,2016-12-05
Lee,Amanda,WITHDRAW,UNDER CONSIDERATION,1995-05-21
Morris,Denise,WITHDRAW,UNDER CONSIDERATION,2003-08-30
Mclean,Wendy,DEPOSIT,UNDER CONSIDERATION,1988-11-21
Stevens,Christopher,DEPOSIT,NOT SOLVED,2006-10-11
Mcclain,Amanda,VERIFICATION,UNDER CONSIDERATION,2011-06-27
Evans,William,DEPOSIT,SOLVED,2002-03-12
Watson,Charles,DEPOSIT,UNDER CONSIDERATION,1973-08-15
Henderson,Deborah,VERIFICATION,UNDER CONSIDERATION,1993-07-24
Arnold,Wyatt,WITHDRAW,NOT SOLVED,1978-12-24
Lynch,Selena,WITHDRAW,UNDER CONSIDERATION,1991-12-01
Watts,Joseph,VERIFICATION,NOT SOLVED,2002-01-18
Williams,Alison,VERIFICATION,UNDER CONSIDERATION,2018-01-26
Miller,Ashley,DEPOSIT,UNDER CONSIDERATION,1976-05-06
Pruitt,Michael,GENERAL,NOT SOLVED,2016-03-19
Hudson,Joann,WITHDRAW,UNDER CONSIDERATION,1999-05-30
Johnson,John,GENERAL,UNDER CONSIDERATION,2008-08-20
Daniels,John,VERIFICATION,NOT SOLVED,2015-04-05
Todd,Sheila,DEPOSIT,UNDER CONSIDERATION,1980-03-23
Spencer,Ronald,VERIFICATION,NOT SOLVED,2004-05-15
Elliott,Maria,DEPOSIT,SOLVED,2021-08-13
Green,Jennifer,WITHDRAW,SOLVED,1992-12-02
Gray,Anthony,GENERAL,UNDER CONSIDERATION,1973-10-01
Wright,Heather,GENERAL,NOT SOLVED,2007-02-11
Neal,Thomas,DEPOSIT,NOT SOLVED,1986-10-23
Salazar,Emily,GENERAL,UNDER CONSIDERATION,1971-04-09
Black,Megan,VERIFICATION,SOLVED,1981-11-24
Bullock,Amanda,VERIFICATION,SOLVED,1993-10-08
Cooke,Alexander,VERIFICATION,SOLVED,2019-04-20
Watkins,Eric,DEPOSIT,UNDER CONSIDERATION,1974-03-20
Hartman,Jeff,WITHDRAW,NOT SOLVED,1973-03-22
Medina,Kristin,DEPOSIT,NOT SOLVED,2015-10-05
Henderson,Jeff,GENERAL,NOT SOLVED,2001-08-05
Mueller,Amanda,WITHDRAW,NOT SOLVED,2020-08-03
Price,Jose,WITHDRAW,UNDER CONSIDERATION,2018-12-18
Jones,Jenna,VERIFICATION,UNDER CONSIDERATION,1993-02-16
Martinez,Scott,DEPOSIT,NOT SOLVED,2019-02-15
Carlson,Kristen,VERIFICATION,NOT SOLVED,2000-03-27
Brock,Marc,VERIFICATION,SOLVED,1992-07-09
Sanders,Maurice,DEPOSIT,SOLVED,2013-11-18
Erickson,Beth,VERIFICATION,NOT SOLVED,1973-07-31
Williams,Kevin,WITHDRAW,UNDER CONSIDERATION,2020-10-27
Morrison,Katie,GENERAL,UNDER CONSIDERATION,1989-04-25
Alexander,Patrick,GENERAL,UNDER CONSIDERATION,2000-10-28
Sanchez,James,GENERAL,NOT SOLVED,1971-05-29
Burns,Larry,DEPOSIT,UNDER CONSIDERATION,1970-06-21
Garcia,Margaret,DEPOSIT,NOT SOLVED,1990-09-26
Johnson,Caroline,VERIFICATION,UNDER CONSIDERATION,1987-04-08
James,Renee,DEPOSIT,SOLVED,1977-01-18
Robinson,Joseph,VERIFICATION,SOLVED,1974-09-06
Miller,Edward,WITHDRAW,NOT SOLVED,1996-03-12
Fischer,Amanda,WITHDRAW,NOT SOLVED,1975-03-20
Jones,Virginia,DEPOSIT,UNDER CONSIDERATION,2006-09-10
Clark,John,WITHDRAW,UNDER CONSIDERATION,2016-10-27
Scott,Charles,WITHDRAW,UNDER CONSIDERATION,2006-03-13
Cordova,Kathy,VERIFICATION,NOT SOLVED,2019-04-03
Thompson,Wendy,DEPOSIT,NOT SOLVED,2003-01-27
Mcneil,Nicole,DEPOSIT,SOLVED,2003-02-02
Gibson,Kimberly,DEPOSIT,UNDER CONSIDERATION,1998-08-24
Ramos,Martin,GENERAL,NOT SOLVED,2019-11-15
Evans,Kevin,DEPOSIT,UNDER CONSIDERATION,2012-08-23
Riley,Chase,DEPOSIT,SOLVED,2013-04-26
Gonzalez,Donald,GENERAL,SOLVED,1975-11-28
Moran,Corey,WITHDRAW,UNDER CONSIDERATION,2006-08-01
Benson,Peter,GENERAL,UNDER CONSIDERATION,1988-06-10
Frederick,Jennifer,WITHDRAW,NOT SOLVED,2001-11-01
Bullock,Luke,VERIFICATION,UNDER CONSIDERATION,2006-11-05
Perry,George,DEPOSIT,NOT SOLVED,1991-05-30
Ortega,Ronald,GENERAL,UNDER CONSIDERATION,1988-04-15
Roberts,Jennifer,WITHDRAW,SOLVED,2002-07-15
Hall,Laura,DEPOSIT,UNDER CONSIDERATION,1989-12-23
Cameron,Dawn,DEPOSIT,NOT SOLVED,2012-09-17
Martinez,Kaitlyn,GENERAL,SOLVED,2014-05-16
Warner,Danny,WITHDRAW,SOLVED,1997-08-29
Taylor,Donald,WITHDRAW,SOLVED,1979-05-10
Peterson,Stephanie,WITHDRAW,NOT SOLVED,1980-04-01
Parrish,Jennifer,DEPOSIT,UNDER CONSIDERATION,2022-04-25
Jennings,Amy,DEPOSIT,SOLVED,2001-04-04
Rodriguez,John,WITHDRAW,UNDER CONSIDERATION,1995-10-30
Gonzales,David,WITHDRAW,NOT SOLVED,1973-09-05
Yang,Adam,VERIFICATION,SOLVED,1987-09-25
Moore,Danielle,GENERAL,UNDER CONSIDERATION,1998-01-09
Singleton,Kelly,GENERAL,UNDER CONSIDERATION,1983-08-29
Johnson,Samantha,DEPOSIT,UNDER CONSIDERATION,1997-10-03
Curtis,Joseph,GENERAL,SOLVED,2008-07-01
Campbell,Megan,GENERAL,NOT SOLVED,1999-09-09
Roberts,Terri,GENERAL,SOLVED,2012-10-15
Bean,Timothy,GENERAL,SOLVED,1974-11-12
Jackson,Brandon,VERIFICATION,NOT SOLVED,1996-12-27
Edwards,Joshua,DEPOSIT,NOT SOLVED,2022-07-18
Washington,Diane,VERIFICATION,SOLVED,2007-09-05
Sims,Michelle,WITHDRAW,NOT SOLVED,1987-02-20
Robinson,Scott,DEPOSIT,UNDER CONSIDERATION,1989-11-25
Galvan,Andrea,WITHDRAW,NOT SOLVED,1990-09-16
Gonzalez,Sean,DEPOSIT,UNDER CONSIDERATION,1997-01-05
Hernandez,Christopher,DEPOSIT,NOT SOLVED,1997-01-06
Shepherd,Devin,WITHDRAW,UNDER CONSIDERATION,1981-08-14
Brown,Renee,VERIFICATION,UNDER CONSIDERATION,2003-11-16
Bird,Lisa,DEPOSIT,NOT SOLVED,1988-02-18
Clark,Allison,GENERAL,UNDER CONSIDERATION,1981-05-27
Farley,Joshua,WITHDRAW,NOT SOLVED,2001-11-13
Lara,Brad,VERIFICATION,SOLVED,1983-12-20
Davis,Keith,VERIFICATION,SOLVED,1989-12-27
Fisher,Emily,VERIFICATION,SOLVED,2000-11-16
Mathews,Travis,VERIFICATION,NOT SOLVED,2008-05-30
Frey,Ronald,GENERAL,SOLVED,1994-10-19
Henderson,Abigail,VERIFICATION,NOT SOLVED,1992-05-19
Bullock,Nancy,DEPOSIT,UNDER CONSIDERATION,1981-10-09
Kelley,Joshua,GENERAL,SOLVED,2018-08-03
Cole,Brad,DEPOSIT,SOLVED,1998-03-26
Casey,Bryce,VERIFICATION,NOT SOLVED,2012-01-22
Cole,Frederick,VERIFICATION,NOT SOLVED,2000-09-22
Wilson,Anthony,DEPOSIT,NOT SOLVED,2000-12-27
White,Mary,WITHDRAW,SOLVED,2006-06-05
Castillo,Richard,WITHDRAW,NOT SOLVED,2002-11-14
Robinson,Timothy,VERIFICATION,UNDER CONSIDERATION,2013-03-28
Harris,Peggy,WITHDRAW,NOT SOLVED,2014-05-25
Perez,Steven,VERIFICATION,SOLVED,2015-04-14
Scott,Valerie,VERIFICATION,SOLVED,1984-11-24
Davidson,Adam,WITHDRAW,SOLVED,2009-07-03
Johnson,Jason,VERIFICATION,NOT SOLVED,1998-06-23
Johnston,David,GENERAL,SOLVED,1989-01-08
Francis,Dennis,DEPOSIT,NOT SOLVED,2019-12-31
Hicks,Aaron,DEPOSIT,UNDER CONSIDERATION,2017-08-24
Jackson,Matthew,VERIFICATION,UNDER CONSIDERATION,1980-05-10
Torres,Krista,VERIFICATION,SOLVED,1990-06-20
Hall,Shaun,WITHDRAW,NOT SOLVED,1982-09-17
Morris,Julie,VERIFICATION,UNDER CONSIDERATION,1980-01-29
Morgan,Rebecca,WITHDRAW,SOLVED,2005-03-25
Hamilton,Gregory,VERIFICATION,NOT SOLVED,2020-03-10
Dunlap,Tracy,GENERAL,SOLVED,2018-10-09
Jones,Christopher,VERIFICATION,NOT SOLVED,2009-07-10
Moody,Ashley,VERIFICATION,NOT SOLVED,1986-05-05
Walters,Brian,VERIFICATION,SOLVED,2000-11-16
Campbell,Eric,VERIFICATION,SOLVED,1989-05-01
Galloway,Tyler,WITHDRAW,NOT SOLVED,2000-12-12
Curry,Emily,WITHDRAW,SOLVED,1970-06-22
Wells,Kathy,GENERAL,SOLVED,1990-01-23
Cooper,Heather,DEPOSIT,NOT SOLVED,1998-04-17
Rodriguez,Julie,WITHDRAW,NOT SOLVED,2012-11-09
Jones,Tiffany,VERIFICATION,SOLVED,1994-03-09
Cooley,Kevin,VERIFICATION,NOT SOLVED,2006-02-07
Ellis,Mikayla,VERIFICATION,SOLVED,1998-03-05
Cervantes,Justin,GENERAL,NOT SOLVED,2005-02-12
Garrett,Michelle,DEPOSIT,SOLVED,1994-04-17
Wolf,William,VERIFICATION,UNDER CONSIDERATION,1998-01-24
Hammond,Brandon,VERIFICATION,SOLVED,1998-09-26
Santiago,Elizabeth,GENERAL,NOT SOLVED,1991-10-07
Burch,Vanessa,DEPOSIT,NOT SOLVED,2003-06-18
Rosales,Rebecca,WITHDRAW,SOLVED,2004-01-05
Martin,Katie,GENERAL,UNDER CONSIDERATION,2010-11-01
Hendrix,David,GENERAL,SOLVED,2018-12-12
Rodriguez,Theresa,GENERAL,NOT SOLVED,2005-07-13
Hunt,Jessica,DEPOSIT,SOLVED,1989-02-10
Day,James,DEPOSIT,UNDER CONSIDERATION,2016-05-19
Keith,Rebecca,WITHDRAW,UNDER CONSIDERATION,1990-11-16
Marshall,Richard,WITHDRAW,SOLVED,2013-03-13
Holden,Jason,GENERAL,NOT SOLVED,1999-08-31
Moore,Cole,VERIFICATION,UNDER CONSIDERATION,1970-04-02
Walters,David,GENERAL,SOLVED,1998-05-19
Mcmillan,Ashley,VERIFICATION,NOT SOLVED,2022-09-12
Gross,Danielle,WITHDRAW,UNDER CONSIDERATION,2008-01-22
Garcia,Destiny,DEPOSIT,SOLVED,1996-05-07
Jordan,Amy,DEPOSIT,UNDER CONSIDERATION,1970-02-19
White,Kimberly,WITHDRAW,SOLVED,2007-04-22
Smith,Mitchell,DEPOSIT,SOLVED,2004-09-08
Hernandez,Rachel,GENERAL,UNDER CONSIDERATION,2008-02-24
Gomez,William,GENERAL,NOT SOLVED,1984-12-28
Hernandez,Madeline,WITHDRAW,NOT SOLVED,2022-03-10
Chambers,Christopher,VERIFICATION,SOLVED,1996-07-10
Ballard,Scott,WITHDRAW,NOT SOLVED,2014-06-15
Holder,Sara,WITHDRAW,NOT SOLVED,1974-04-09
Nicholson,Peter,DEPOSIT,SOLVED,1981-09-15
Ramirez,Marissa,VERIFICATION,NOT SOLVED,1995-03-17
Foster,Rodney,WITHDRAW,UNDER CONSIDERATION,1993-06-29
Logan,Earl,GENERAL,UNDER CONSIDERATION,1973-11-18
Perry,Lori,GENERAL,UNDER CONSIDERATION,1994-11-13
Garcia,John,DEPOSIT,NOT SOLVED,2000-07-23
Glenn,Kristen,GENERAL,SOLVED,1988-10-25
Schneider,David,GENERAL,NOT SOLVED,1976-06-10
Kelley,David,GENERAL,SOLVED,1999-08-18
Harris,Shannon,DEPOSIT,NOT SOLVED,2001-11-22
Miller,Nancy,VERIFICATION,UNDER CONSIDERATION,1995-02-24
Rangel,Marilyn,GENERAL,SOLVED,1980-08-31
Campos,Cindy,WITHDRAW,UNDER CONSIDERATION,2009-05-07
Schroeder,Luke,GENERAL,SOLVED,2015-07-17
Johnston,Jeremiah,VERIFICATION,SOLVED,2000-08-09
Summers,Richard,DEPOSIT,UNDER CONSIDERATION,1976-02-13
Anderson,Amanda,DEPOSIT,NOT SOLVED,2012-09-09
Miller,Matthew,GENERAL,NOT SOLVED,2008-10-21
Cantu,Caroline,VERIFICATION,UNDER CONSIDERATION,2003-06-13
Barron,Adrian,DEPOSIT,NOT SOLVED,1987-02-12
Welch,Carolyn,DEPOSIT,SOLVED,2004-10-04
Hawkins,Colleen,WITHDRAW,UNDER CONSIDERATION,2001-04-04
Middleton,Kevin,VERIFICATION,NOT SOLVED,1982-03-20
Sanchez,Daniel,DEPOSIT,SOLVED,1974-07-03
Shelton,Joshua,WITHDRAW,SOLVED,1970-02-08
Miller,Joshua,VERIFICATION,NOT SOLVED,1996-04-18
Smith,Austin,GENERAL,SOLVED,2019-06-16
Herrera,Angela,DEPOSIT,NOT SOLVED,1988-12-15
Jones,Chelsea,DEPOSIT,UNDER CONSIDERATION,1983-08-27
Wilkins,Bernard,DEPOSIT,NOT SOLVED,2023-06-28
Miller,Christian,WITHDRAW,SOLVED,1974-07-16
Williams,Vincent,WITHDRAW,NOT SOLVED,1977-03-02
Dudley,Thomas,VERIFICATION,SOLVED,2000-03-08
Woodard,Jodi,VERIFICATION,NOT SOLVED,2010-07-03
Molina,Michael,VERIFICATION,UNDER CONSIDERATION,1989-07-13
Williams,Katherine,GENERAL,NOT SOLVED,1992-06-07
Snyder,Kirsten,VERIFICATION,SOLVED,2000-01-01
Johnson,Amy,VERIFICATION,UNDER CONSIDERATION,1999-02-23
Brown,Diana,DEPOSIT,UNDER CONSIDERATION,1984-09-19
Richardson,David,GENERAL,SOLVED,2010-07-12
Carter,Monica,VERIFICATION,SOLVED,1977-02-15
Santos,Jennifer,VERIFICATION,SOLVED,1980-09-21
Jones,Summer,VERIFICATION,UNDER CONSIDERATION,1973-04-24
Campbell,Jose,VERIFICATION,NOT SOLVED,1994-05-29
Bennett,Jean,VERIFICATION,UNDER CONSIDERATION,1977-06-28
Manning,Candice,GENERAL,UNDER CONSIDERATION,1970-12-08
Powell,Tricia,GENERAL,NOT SOLVED,2014-09-08
Moore,Samantha,GENERAL,SOLVED,2005-06-12
Mcgrath,Matthew,VERIFICATION,UNDER CONSIDERATION,2002-08-05
Pena,Holly,WITHDRAW,SOLVED,2014-03-02
Taylor,Henry,GENERAL,NOT SOLVED,1972-10-05
Hubbard,Lori,WITHDRAW,SOLVED,1977-12-18
Lopez,Phillip,GENERAL,UNDER CONSIDERATION,2003-06-27
Alexander,Donna,VERIFICATION,NOT SOLVED,1973-11-17
Fuller,April,GENERAL,SOLVED,2007-10-06
Chen,Brian,DEPOSIT,NOT SOLVED,2018-08-05
Clark,Douglas,GENERAL,NOT SOLVED,1975-10-10
Holmes,Christopher,DEPOSIT,SOLVED,2012-08-26
Doyle,Daniel,GENERAL,SOLVED,2016-03-06
Huber,Denise,VERIFICATION,UNDER CONSIDERATION,1991-06-03
Lopez,William,WITHDRAW,NOT SOLVED,1991-06-14
Garcia,Andrea,GENERAL,SOLVED,1976-12-30
Moore,Lisa,WITHDRAW,NOT SOLVED,1972-03-08
Hill,Joseph,DEPOSIT,NOT SOLVED,1978-11-17
Perez,Jordan,VERIFICATION,UNDER CONSIDERATION,2006-06-22
Alexander,Christopher,VERIFICATION,NOT SOLVED,2023-09-07
Rogers,Evelyn,GENERAL,NOT SOLVED,1986-03-26
Anderson,Elizabeth,DEPOSIT,SOLVED,1976-06-13
Smith,Michelle,WITHDRAW,NOT SOLVED,2002-12-06
Davis,Elizabeth,GENERAL,NOT SOLVED,1989-10-18
Bailey,Erika,WITHDRAW,NOT SOLVED,2019-09-29
Edwards,Rodney,VERIFICATION,SOLVED,1974-12-15
Robinson,Laura,WITHDRAW,SOLVED,2018-11-25
Davis,Glenn,DEPOSIT,SOLVED,1972-06-09
Garrett,Sharon,DEPOSIT,UNDER CONSIDERATION,2001-05-24
Flowers,Kevin,DEPOSIT,SOLVED,1988-06-11
Odonnell,William,WITHDRAW,NOT SOLVED,2014-02-09
Johnson,Deanna,WITHDRAW,NOT SOLVED,2006-01-10
Rogers,Jessica,VERIFICATION,NOT SOLVED,1980-03-13
Casey,Judy,GENERAL,NOT SOLVED,1975-04-18
Adams,Brenda,WITHDRAW,NOT SOLVED,1972-11-03
Santos,Emily,DEPOSIT,SOLVED,2007-04-10
Moody,Kristin,DEPOSIT,SOLVED,1989-05-25
Salinas,Stacey,VERIFICATION,UNDER CONSIDERATION,2000-09-24
Hogan,David,GENERAL,UNDER CONSIDERATION,1982-07-16
Bryant,Raymond,VERIFICATION,NOT SOLVED,2020-02-27
Campbell,Holly,VERIFICATION,UNDER CONSIDERATION,1997-07-02
Chase,Amber,GENERAL,NOT SOLVED,2016-08-19
Perez,Holly,DEPOSIT,SOLVED,2022-02-25
Herrera,Mario,GENERAL,UNDER CONSIDERATION,1988-09-14
Williams,Beth,VERIFICATION,SOLVED,1972-01-14
Hicks,Connie,WITHDRAW,NOT SOLVED,1972-05-23
Hill,Kevin,WITHDRAW,SOLVED,1986-01-07
Smith,Jo,DEPOSIT,SOLVED,2011-09-30
Pittman,Erica,VERIFICATION,SOLVED,2010-10-22
Ramirez,Christina,WITHDRAW,SOLVED,1973-08-20
Fields,Patty,GENERAL,NOT SOLVED,1971-01-17
Spears,Susan,DEPOSIT,SOLVED,2000-07-08
Brown,Jane,VERIFICATION,SOLVED,2020-03-04
Rose,Kevin,GENERAL,UNDER CONSIDERATION,1990-09-30
Thomas,James,VERIFICATION,NOT SOLVED,2003-09-16
Jones,Kent,DEPOSIT,NOT SOLVED,2014-07-17
Rhodes,Jesse,GENERAL,NOT SOLVED,1982-09-26
Wheeler,Derek,DEPOSIT,NOT SOLVED,2009-02-04
Russell,Anthony,GENERAL,NOT SOLVED,1985-12-31
Bailey,Nicole,GENERAL,NOT SOLVED,2022-04-13
Taylor,Edward,WITHDRAW,NOT SOLVED,1981-01-13
Jones,Donna,GENERAL,UNDER CONSIDERATION,2020-10-09
Peterson,Morgan,DEPOSIT,UNDER CONSIDERATION,1986-05-10
Alvarado,Clayton,WITHDRAW,SOLVED,1982-12-03
Taylor,Amanda,DEPOSIT,SOLVED,2012-11-14
Mcgee,Javier,VERIFICATION,NOT SOLVED,1972-03-03
Williams,Sean,GENERAL,NOT SOLVED,1976-09-11
Reyes,Laurie,VERIFICATION,UNDER CONSIDERATION,1993-08-11
Archer,Roger,VERIFICATION,SOLVED,2006-09-23
Barker,Mariah,WITHDRAW,NOT SOLVED,2011-08-14
Ramirez,Michele,DEPOSIT,NOT SOLVED,1980-11-09
Morrison,Oscar,WITHDRAW,SOLVED,2023-07-25
Wallace,Stephanie,GENERAL,SOLVED,1994-05-28
Hickman,Nathaniel,WITHDRAW,NOT SOLVED,1975-06-26
Morrow,Margaret,GENERAL,NOT SOLVED,1981-06-24
Price,Amanda,DEPOSIT,NOT SOLVED,1971-08-31
Reynolds,Amanda,GENERAL,NOT SOLVED,1979-12-04
Wilson,John,VERIFICATION,SOLVED,2015-07-16
Li,Victoria,WITHDRAW,NOT SOLVED,1989-11-25
Miller,Brandon,DEPOSIT,UNDER CONSIDERATION,1975-07-09
Steele,Todd,DEPOSIT,NOT SOLVED,1989-06-29
Mack,Richard,WITHDRAW,SOLVED,1980-09-18
Young,Amy,GENERAL,SOLVED,1995-04-14
Berry,Stephanie,GENERAL,UNDER CONSIDERATION,1994-08-15
Johnston,Kathy,DEPOSIT,UNDER CONSIDERATION,1980-07-14
Fletcher,Kyle,VERIFICATION,SOLVED,1997-03-18
Thomas,Michele,GENERAL,NOT SOLVED,1972-02-20
Bowers,Craig,GENERAL,NOT SOLVED,1994-12-08
Rogers,Richard,DEPOSIT,SOLVED,2010-07-28
Jacobs,Michelle,GENERAL,SOLVED,1986-02-05
Wilson,Corey,GENERAL,SOLVED,2009-02-24
Palmer,Summer,GENERAL,UNDER CONSIDERATION,1997-08-21
Smith,Sean,WITHDRAW,UNDER CONSIDERATION,1992-08-08
Hernandez,Christopher,VERIFICATION,UNDER CONSIDERATION,2020-12-31
Walker,Shelly,VERIFICATION,SOLVED,1979-04-27
Hayden,Wendy,WITHDRAW,SOLVED,1973-02-21
Schwartz,Bradley,WITHDRAW,NOT SOLVED,2015-03-11
Smith,Joseph,DEPOSIT,NOT SOLVED,2009-01-03
Miller,Lindsay,VERIFICATION,SOLVED,2019-10-29
Pierce,Derek,WITHDRAW,UNDER CONSIDERATION,1986-08-24
Ellis,Chad,GENERAL,UNDER CONSIDERATION,1994-09-27
Sparks,Jennifer,GENERAL,NOT SOLVED,1985-12-02
Rhodes,Michael,GENERAL,UNDER CONSIDERATION,1995-12-07
Brown,Lisa,WITHDRAW,UNDER CONSIDERATION,1971-03-29
Mitchell,Vicki,GENERAL,SOLVED,2016-04-05
Miller,Don,GENERAL,UNDER CONSIDERATION,1972-03-19
Buchanan,Natasha,VERIFICATION,SOLVED,1978-06-29
Long,Melanie,DEPOSIT,UNDER CONSIDERATION,2009-11-19
Rodriguez,Raymond,VERIFICATION,SOLVED,1997-02-11
Romero,Zachary,GENERAL,UNDER CONSIDERATION,2021-05-06
Lopez,Richard,VERIFICATION,SOLVED,1979-10-17
Sandoval,Joseph,WITHDRAW,UNDER CONSIDERATION,1979-01-10
George,Nathan,VERIFICATION,NOT SOLVED,2020-09-02
Smith,Joseph,GENERAL,NOT SOLVED,1995-03-15
Lambert,Victor,DEPOSIT,SOLVED,2022-08-25
Randolph,Frederick,DEPOSIT,UNDER CONSIDERATION,1979-05-07
Smith,Russell,GENERAL,UNDER CONSIDERATION,2005-04-05
Lester,Destiny,WITHDRAW,NOT SOLVED,2016-06-25
Martinez,Daniel,DEPOSIT,SOLVED,2000-06-16
Burke,John,VERIFICATION,UNDER CONSIDERATION,2001-02-16
Wilson,Julie,WITHDRAW,UNDER CONSIDERATION,1973-04-25
Gardner,Dominique,DEPOSIT,NOT SOLVED,1981-09-22
Werner,Roberto,DEPOSIT,UNDER CONSIDERATION,2005-02-14
Watkins,Christine,VERIFICATION,NOT SOLVED,2020-12-02
Clark,Jon,VERIFICATION,NOT SOLVED,2017-08-25
Smith,Kenneth,WITHDRAW,SOLVED,1995-11-17
Welch,Deborah,WITHDRAW,NOT SOLVED,1984-10-29
Russell,Kevin,VERIFICATION,UNDER CONSIDERATION,1996-11-27
Johnson,Angela,VERIFICATION,NOT SOLVED,1977-07-04
Harrison,Travis,WITHDRAW,SOLVED,1976-07-07
Hernandez,Tammie,DEPOSIT,NOT SOLVED,1984-07-21
Garrett,Dean,DEPOSIT,SOLVED,2002-09-20
Brown,Kathy,GENERAL,NOT SOLVED,1999-06-29
Conrad,David,DEPOSIT,UNDER CONSIDERATION,2012-10-29
Fry,Elizabeth,VERIFICATION,SOLVED,1986-05-08
Howell,Jonathon,WITHDRAW,SOLVED,1973-04-05
Carter,Susan,DEPOSIT,SOLVED,2021-07-10
Hodge,Lori,GENERAL,SOLVED,1972-06-15
Crawford,Charles,WITHDRAW,UNDER CONSIDERATION,1995-07-19
Mckenzie,Lauren,VERIFICATION,SOLVED,2011-09-09
Horton,Scott,VERIFICATION,NOT SOLVED,1982-08-08
Cohen,Leonard,GENERAL,UNDER CONSIDERATION,2005-06-25
Warren,Manuel,VERIFICATION,NOT SOLVED,2008-07-04
Larson,Nicholas,WITHDRAW,NOT SOLVED,1985-03-29
Robertson,Christopher,DEPOSIT,SOLVED,1994-11-06
James,Jessica,GENERAL,NOT SOLVED,1977-04-11
Smith,Rachael,GENERAL,SOLVED,1975-10-26
Parsons,Nicole,DEPOSIT,UNDER CONSIDERATION,1989-01-15
Cole,Kimberly,VERIFICATION,UNDER CONSIDERATION,2007-04-20
Brown,Richard,GENERAL,UNDER CONSIDERATION,2004-04-19
Williams,Christian,WITHDRAW,NOT SOLVED,1983-09-22
Dixon,Eric,VERIFICATION,NOT SOLVED,2005-07-24
Diaz,Alexandra,VERIFICATION,NOT SOLVED,2013-11-19
Gallagher,Hannah,WITHDRAW,NOT SOLVED,1988-12-15
Cox,Elijah,WITHDRAW,SOLVED,1971-09-06
Moss,Ryan,DEPOSIT,NOT SOLVED,1973-06-02
Haynes,Henry,WITHDRAW,UNDER CONSIDERATION,1972-12-22
Sanchez,Martha,GENERAL,NOT SOLVED,2019-09-22
Moody,Christopher,DEPOSIT,SOLVED,1996-11-24
Anderson,Timothy,WITHDRAW,SOLVED,2014-03-01
Castaneda,Matthew,GENERAL,SOLVED,2002-08-28
Bryan,Nicholas,VERIFICATION,UNDER CONSIDERATION,2000-01-30
Beard,Krystal,WITHDRAW,NOT SOLVED,1970-05-04
Bishop,Rhonda,GENERAL,UNDER CONSIDERATION,1980-12-19
Oconnor,Corey,VERIFICATION,UNDER CONSIDERATION,2002-12-22
Wright,Max,WITHDRAW,SOLVED,1972-05-22
Shepherd,Lance,DEPOSIT,NOT SOLVED,2021-09-25
Nguyen,Matthew,GENERAL,SOLVED,1975-05-10
Perez,Mathew,GENERAL,NOT SOLVED,1986-07-24
Payne,Maria,DEPOSIT,SOLVED,1984-06-14
Richardson,Stephen,DEPOSIT,UNDER CONSIDERATION,1970-01-08
Collins,Jacqueline,WITHDRAW,SOLVED,2011-10-13
Castro,Kelly,GENERAL,NOT SOLVED,1983-02-02
Williams,Thomas,DEPOSIT,SOLVED,2008-06-28
Mitchell,Kenneth,VERIFICATION,NOT SOLVED,2008-09-02
Burns,Joan,WITHDRAW,SOLVED,1994-09-12
Macdonald,Todd,VERIFICATION,SOLVED,2020-12-14
Gonzalez,Barbara,WITHDRAW,SOLVED,1981-06-13
Reilly,Amy,DEPOSIT,NOT SOLVED,2004-10-23
Henderson,Michelle,GENERAL,SOLVED,2003-07-22
Bryant,Sharon,WITHDRAW,NOT SOLVED,2013-08-30
Lewis,Emily,GENERAL,UNDER CONSIDERATION,1983-04-18
Watkins,Matthew,GENERAL,SOLVED,1973-05-22
Pitts,Patricia,WITHDRAW,NOT SOLVED,1993-02-27
Thompson,Jillian,WITHDRAW,UNDER CONSIDERATION,2016-04-04
Jennings,Erin,GENERAL,NOT SOLVED,1973-06-09
Hill,Vernon,VERIFICATION,SOLVED,2000-03-15
Jones,Molly,DEPOSIT,SOLVED,1972-01-27
Hancock,Daniel,GENERAL,SOLVED,1973-09-12
Weber,Jaime,VERIFICATION,UNDER CONSIDERATION,2007-02-15
Lopez,Paul,WITHDRAW,NOT SOLVED,2005-02-06
Lopez,Richard,DEPOSIT,NOT SOLVED,2008-01-21
Terry,Bethany,VERIFICATION,SOLVED,1981-02-24
Wolf,Richard,GENERAL,SOLVED,1972-01-17
Mendez,Robert,WITHDRAW,UNDER CONSIDERATION,1992-05-31
Duncan,Cynthia,VERIFICATION,NOT SOLVED,1978-07-02
Brown,Dawn,GENERAL,SOLVED,2022-03-10
Mendoza,Erin,WITHDRAW,UNDER CONSIDERATION,2009-07-18
Thomas,Heather,GENERAL,UNDER CONSIDERATION,1977-05-24
Mccarthy,Sandra,GENERAL,UNDER CONSIDERATION,2018-04-13
Marshall,Michael,VERIFICATION,SOLVED,1999-09-08
Perkins,Robert,GENERAL,UNDER CONSIDERATION,2022-03-30
Anderson,Holly,DEPOSIT,SOLVED,2021-09-22
Chambers,Tyler,WITHDRAW,NOT SOLVED,2019-01-13
Boone,Patricia,DEPOSIT,UNDER CONSIDERATION,1994-08-17
Scott,Michael,VERIFICATION,UNDER CONSIDERATION,1997-10-08
Cardenas,Charles,WITHDRAW,UNDER CONSIDERATION,2001-09-29
Wright,Charles,DEPOSIT,NOT SOLVED,2014-05-10
Parrish,Robert,GENERAL,UNDER CONSIDERATION,1996-03-29
Huber,Shelby,DEPOSIT,SOLVED,1987-07-01
Cannon,Patrick,VERIFICATION,NOT SOLVED,1981-08-08
Morrow,Rachel,WITHDRAW,UNDER CONSIDERATION,1995-05-18
Brandt,James,DEPOSIT,SOLVED,1982-09-18
Henderson,Matthew,DEPOSIT,UNDER CONSIDERATION,2021-03-30
Hooper,Taylor,GENERAL,NOT SOLVED,1991-10-28
Miller,Jose,VERIFICATION,NOT SOLVED,2012-03-09
Kim,Christopher,VERIFICATION,SOLVED,1979-12-03
Parker,Thomas,VERIFICATION,SOLVED,1998-06-21
Logan,Kara,GENERAL,SOLVED,2023-01-28
Jackson,Melissa,WITHDRAW,NOT SOLVED,2020-02-25
Johnson,Misty,DEPOSIT,UNDER CONSIDERATION,1985-09-01
Walsh,Lauren,DEPOSIT,UNDER CONSIDERATION,1984-07-24
Morgan,Jared,WITHDRAW,UNDER CONSIDERATION,2002-09-06
Patton,Mary,VERIFICATION,NOT SOLVED,1974-01-29
Miller,Heather,DEPOSIT,UNDER CONSIDERATION,1978-04-07
Andrews,Jennifer,VERIFICATION,NOT SOLVED,1973-08-15
Jones,Andrew,GENERAL,NOT SOLVED,1976-09-04
Rhodes,Andrea,VERIFICATION,NOT SOLVED,2017-10-17
Spencer,Jeremy,GENERAL,UNDER CONSIDERATION,2005-02-28
Clarke,Benjamin,DEPOSIT,SOLVED,1993-06-05
Stokes,Michael,GENERAL,SOLVED,1988-05-28
Cameron,Ashley,DEPOSIT,SOLVED,1977-12-18
Spencer,Virginia,VERIFICATION,SOLVED,1986-04-03
Garcia,Rachel,GENERAL,NOT SOLVED,1974-09-05
Solis,Justin,DEPOSIT,NOT SOLVED,1974-11-07
Smith,Monica,GENERAL,SOLVED,1981-09-26
Shepherd,Robert,DEPOSIT,NOT SOLVED,1977-10-21
Houston,Jeffery,VERIFICATION,UNDER CONSIDERATION,1978-07-26
Kennedy,Elizabeth,DEPOSIT,UNDER CONSIDERATION,2009-05-22
Johnson,Morgan,DEPOSIT,UNDER CONSIDERATION,1984-05-04
Webb,Bruce,VERIFICATION,NOT SOLVED,1983-02-13
Horn,Emily,VERIFICATION,SOLVED,2009-12-06
Moreno,Joshua,GENERAL,SOLVED,1998-12-06
Benjamin,Susan,DEPOSIT,NOT SOLVED,1981-05-23
Villegas,Dominique,GENERAL,NOT SOLVED,2019-05-17
Adams,Sandra,VERIFICATION,SOLVED,1992-01-03
Keller,Michael,WITHDRAW,UNDER CONSIDERATION,1983-09-20
Jones,Terri,DEPOSIT,UNDER CONSIDERATION,1984-01-11
Garcia,Jeff,GENERAL,NOT SOLVED,2019-02-19
Holt,Brooke,GENERAL,SOLVED,1973-03-30
Soto,Jeffrey,GENERAL,SOLVED,1980-09-19
Parks,Julie,DEPOSIT,UNDER CONSIDERATION,2002-03-26
Johnson,Samuel,WITHDRAW,NOT SOLVED,2000-07-10
Watts,Lori,DEPOSIT,UNDER CONSIDERATION,2009-07-17
Hicks,Anna,GENERAL,SOLVED,1992-10-05
Carpenter,Karen,DEPOSIT,NOT SOLVED,2001-02-27
Adams,Sharon,DEPOSIT,SOLVED,1993-05-26
Murray,Ronald,DEPOSIT,UNDER CONSIDERATION,1981-08-30
Sanchez,Michael,WITHDRAW,SOLVED,1988-05-04
Bean,Renee,VERIFICATION,SOLVED,2008-01-23
Anderson,Kevin,DEPOSIT,SOLVED,1988-04-13
Yoder,Michelle,GENERAL,SOLVED,2000-11-30
Wilkerson,Amber,VERIFICATION,SOLVED,2003-01-21
Bishop,Cynthia,DEPOSIT,NOT SOLVED,2022-06-20
Maddox,Abigail,DEPOSIT,UNDER CONSIDERATION,1984-05-20
Castro,Kevin,GENERAL,SOLVED,1981-05-20
Stephens,Victoria,DEPOSIT,NOT SOLVED,2006-02-19
Hodges,David,WITHDRAW,SOLVED,1985-02-14
Bailey,Amy,DEPOSIT,SOLVED,1980-04-03
Douglas,Tammy,DEPOSIT,SOLVED,2021-06-19
Carter,Kendra,WITHDRAW,SOLVED,2010-11-29
Smith,Elizabeth,WITHDRAW,NOT SOLVED,1998-12-26
Sanchez,Tommy,WITHDRAW,NOT SOLVED,2006-06-17
Young,Anthony,GENERAL,SOLVED,2001-06-20
Donaldson,Cassie,DEPOSIT,SOLVED,1972-03-06
Soto,Sandy,WITHDRAW,NOT SOLVED,1995-07-26
Walker,Todd,GENERAL,NOT SOLVED,1976-09-21
White,Carolyn,WITHDRAW,NOT SOLVED,2015-06-22
Zhang,Alicia,DEPOSIT,NOT SOLVED,1993-05-27
Allen,Brittany,VERIFICATION,UNDER CONSIDERATION,1973-11-27
Campbell,Alexander,GENERAL,UNDER CONSIDERATION,1987-10-20
Banks,Phillip,VERIFICATION,NOT SOLVED,2014-06-10
Daugherty,Monica,VERIFICATION,UNDER CONSIDERATION,1987-12-24
Parker,Melissa,VERIFICATION,SOLVED,1984-01-29
